id,"type","manufacturer","model","code",engine_quantity,"engine_type","weight_class","descent_rate","service_ceiling","cruise_tas","created_at","updated_at"
1,"F","ADAM AIRCRAFT","CARBON AERO","A500",2,"P","S","","","","0000-00-00 00:00:00","0000-00-00 00:00:00"
2,"F","AERMACCHI","AMX","AMX",1,"J","S","","","","0000-00-00 00:00:00","0000-00-00 00:00:00"
3,"F","AERMACCHI","RIVIERA","FN33",1,"P","S","","","","0000-00-00 00:00:00","0000-00-00 00:00:00"
4,"F","AERMACCHI","REDIGO","L90",1,"T","S","","","","0000-00-00 00:00:00","0000-00-00 00:00:00"
5,"F","AERMACCHI","MB-326","M32",1,"J","S","","","","0000-00-00 00:00:00","0000-00-00 00:00:00"
6,"F","AERMACCHI","MB-339","M339",1,"J","S","","","","0000-00-00 00:00:00","0000-00-00 00:00:00"
7,"F","AERMACCHI","SF-205-18F/20F","S05F",1,"P","S","","","","0000-00-00 00:00:00","0000-00-00 00:00:00"
8,"F","AERMACCHI","SF-205-18R/20R/22R","S05R",1,"P","S","","","","0000-00-00 00:00:00","0000-00-00 00:00:00"
9,"F","AERMACCHI","S-208","S208",1,"P","S","","","","0000-00-00 00:00:00","0000-00-00 00:00:00"
10,"F","AERMACCHI","S-211","S211",1,"T","S","","","","0000-00-00 00:00:00","0000-00-00 00:00:00"
11,"F","AERMACCHI","WARRIOR","F260",1,"P","S","","","","0000-00-00 00:00:00","0000-00-00 00:00:00"
12,"F","AERMACCHI","SF-260TP","F26T",1,"T","S","1800","1100","","0000-00-00 00:00:00","0000-00-00 00:00:00"
13,"F","AERMACCHI","CANGUERO","F600",2,"T","S","2100","","","0000-00-00 00:00:00","0000-00-00 00:00:00"
14,"F","AERO SPACELINES","SUPPER GUPPY","SGUP",4,"T","L","1500","1500","","0000-00-00 00:00:00","0000-00-00 00:00:00"
15,"F","AÉROSPATIALE","ATR-42-200/300/320","AT43",2,"T","L","2000","2000","","0000-00-00 00:00:00","0000-00-00 00:00:00"
16,"F","AÉROSPATIALE","ATR-42-400","AT44",2,"T","L","2000","2000","","0000-00-00 00:00:00","0000-00-00 00:00:00"
17,"F","AÉROSPATIALE","ATR-42-500","AT45",2,"T","L","2000","2000","","0000-00-00 00:00:00","0000-00-00 00:00:00"
18,"F","AÉROSPATIALE","ATR-72","AT72",2,"T","L","2000","2000","","0000-00-00 00:00:00","0000-00-00 00:00:00"
19,"F","AÉROSPATIALE","RALLYE","RALL",1,"P","S","750","750","","0000-00-00 00:00:00","0000-00-00 00:00:00"
20,"F","AÉROSPATIALE","CARAVELLE","S210",2,"J","L","2300","2000","","0000-00-00 00:00:00","0000-00-00 00:00:00"
21,"F","AÉROSPATIALE","CORVETTE","S601",2,"J","S","2500","2000","","0000-00-00 00:00:00","0000-00-00 00:00:00"
22,"F","AÉROSPATIALE","TAMPICO TB-9","TAMP",1,"P","S","600","700","","0000-00-00 00:00:00","0000-00-00 00:00:00"
23,"F","AÉROSPATIALE","TBM-700","TBM7",1,"T","S","1700","1500","","0000-00-00 00:00:00","0000-00-00 00:00:00"
24,"F","AÉROSPATIALE","TABAGO TB10C/200","TOBA",1,"P","S","700","700","","0000-00-00 00:00:00","0000-00-00 00:00:00"
25,"F","AÉROSPATIALE","TRINIDAD","TRIN",1,"P","S","850","700","","0000-00-00 00:00:00","0000-00-00 00:00:00"
26,"H","AÉROSPATIALE","ALOUETTE 2","AL02",1,"T","S","1280","1280","","0000-00-00 00:00:00","0000-00-00 00:00:00"
27,"H","AÉROSPATIALE","LAMA SA-315","LAMA",1,"T","S","1000","1000","","0000-00-00 00:00:00","0000-00-00 00:00:00"
28,"H","AÉROSPATIALE","ALOUETTE 3","ALO3",1,"T","S","1500","1500","","0000-00-00 00:00:00","0000-00-00 00:00:00"
29,"H","AÉROSPATIALE","DAUPHINE SA-360/361","S360",1,"T","S","1400","1500","","0000-00-00 00:00:00","0000-00-00 00:00:00"
30,"H","AÉROSPATIALE","DAUPHINE 2 SA-365C","S65C",2,"T","S","1800","1000","","0000-00-00 00:00:00","0000-00-00 00:00:00"
31,"H","AÉROSPATIALE","ECUREVIL/ASTAR AS-350/550","AS50",1,"T","S","1000","1000","","0000-00-00 00:00:00","0000-00-00 00:00:00"
32,"H","AÉROSPATIALE","GAZELLE SA-341/342","GAZL",1,"T","S","1620","1620","","0000-00-00 00:00:00","0000-00-00 00:00:00"
33,"H","AÉROSPATIALE","PUMA SA-330","PUMA",2,"T","L","1250","1500","","0000-00-00 00:00:00","0000-00-00 00:00:00"
34,"H","AÉROSPATIALE","SUPER PUMA AS 332/532","AS32",2,"T","L","1250","1500","","0000-00-00 00:00:00","0000-00-00 00:00:00"
35,"H","AÉROSPATIALE","SUPER FRELON SA-321/Z-8","FREL",3,"T","L","1200","1500","","0000-00-00 00:00:00","0000-00-00 00:00:00"
36,"H","AÉROSPATIALE","TWIN STAR AS-355/555","AS55",2,"T","S","1350","1300","","0000-00-00 00:00:00","0000-00-00 00:00:00"
37,"F","AIRBUS","A300-B2","A30B",2,"J","H","3500","3500","","0000-00-00 00:00:00","0000-00-00 00:00:00"
38,"F","AIRBUS","A300B4-600","A306",2,"J","H","3500","3500","","0000-00-00 00:00:00","0000-00-00 00:00:00"
39,"F","AIRBUS","A310","A310",2,"J","H","3500","3500","","0000-00-00 00:00:00","0000-00-00 00:00:00"
40,"F","AIRBUS","A318","A318",2,"J","L","3500","3500","","0000-00-00 00:00:00","0000-00-00 00:00:00"
41,"F","AIRBUS","A319","A319",2,"J","L","3500","3500","","0000-00-00 00:00:00","0000-00-00 00:00:00"
42,"F","AIRBUS","A320","A320",2,"J","L","3500","3500","","0000-00-00 00:00:00","0000-00-00 00:00:00"
43,"F","AIRBUS","A321","A321",2,"J","L","3500","3500","","0000-00-00 00:00:00","0000-00-00 00:00:00"
44,"F","AIRBUS","A300ST Super Transporter","A3ST",2,"J","H","","","","0000-00-00 00:00:00","0000-00-00 00:00:00"
45,"F","AIRBUS","A330-200","A332",2,"J","H","3500","3500","","0000-00-00 00:00:00","0000-00-00 00:00:00"
46,"F","AIRBUS","A330-300","A333",2,"J","H","","","","0000-00-00 00:00:00","0000-00-00 00:00:00"
47,"F","AIRBUS","A340-200","A342",4,"J","H","3500","3500","","0000-00-00 00:00:00","0000-00-00 00:00:00"
48,"F","AIRBUS","A340-300","A343",4,"J","H","","","","0000-00-00 00:00:00","0000-00-00 00:00:00"
49,"F","AIRBUS","A340-500","A345",4,"J","H","","","","0000-00-00 00:00:00","0000-00-00 00:00:00"
50,"F","AIRBUS","A340-600","A346",4,"J","H","","","","0000-00-00 00:00:00","0000-00-00 00:00:00"
51,"F","HYDRO-FORMING","BUSHMASTER 2000","BU20",3,"P","S","2000","2000","","0000-00-00 00:00:00","0000-00-00 00:00:00"
52,"F","AIR TRACTOR","AIR TRACTOR","AT3P",1,"P","S","1000","","","0000-00-00 00:00:00","0000-00-00 00:00:00"
53,"F","AIR TRACTOR","AIR TRACTOR","AT3T",1,"T","S","","","","0000-00-00 00:00:00","0000-00-00 00:00:00"
54,"F","AIR TRACTOR","AIR TRACTOR","AT3P",1,"P","S","","","","0000-00-00 00:00:00","0000-00-00 00:00:00"
55,"F","AIR TRACTOR","AIR TRACTOR","AT3T",1,"T","S","","","","0000-00-00 00:00:00","0000-00-00 00:00:00"
56,"F","AIR TRACTOR","AIR TRACTOR","AT6T",1,"T","S","","","","0000-00-00 00:00:00","0000-00-00 00:00:00"
57,"F","AIR TRACTOR","AIR TRACTOR","AT8T",1,"T","S","","","","0000-00-00 00:00:00","0000-00-00 00:00:00"
58,"F","ANTONOV","AN-2","AN2",1,"P","S","","","","0000-00-00 00:00:00","0000-00-00 00:00:00"
59,"F","ANTONOV","AN-8","AN8",2,"T","L","","","","0000-00-00 00:00:00","0000-00-00 00:00:00"
60,"F","ANTONOV","AN-12","AN12",4,"T","L","","","","0000-00-00 00:00:00","0000-00-00 00:00:00"
61,"F","ANTONOV","AN-70","AN70",4,"T","H","","","","0000-00-00 00:00:00","0000-00-00 00:00:00"
62,"F","ANTONOV","AN-72","AN72",2,"J","L","","","","0000-00-00 00:00:00","0000-00-00 00:00:00"
63,"F","ANTONOV","AN-124 RUSLAN","A124",4,"J","H","","","","0000-00-00 00:00:00","0000-00-00 00:00:00"
64,"F","ANTONOV","AN-140","A140",2,"T","L","","","","0000-00-00 00:00:00","0000-00-00 00:00:00"
65,"H","AUGUSTA","MODEL 147J-3B1 RANGER","B47J",1,"P","S","500","500","","0000-00-00 00:00:00","0000-00-00 00:00:00"
66,"H","AUGUSTA","MODEL A 109/A/A-II","A109",2,"T","S","1620","1500","","0000-00-00 00:00:00","0000-00-00 00:00:00"
67,"H","AUGUSTA","MODEL 212 ASW GRIFFON","B12",2,"T","S","1420","1420","","0000-00-00 00:00:00","0000-00-00 00:00:00"
69,"F","BEAGLE AIRCRAFT","AIREDALE","AIRD",1,"P","S","","","","0000-00-00 00:00:00","0000-00-00 00:00:00"
70,"F","BEAGLE AIRCRAFT","PUP","PUP",1,"P","S","575","750","","0000-00-00 00:00:00","0000-00-00 00:00:00"
71,"F","BEAGLE AIRCRAFT","BULLDOG","BDOG",1,"P","S","","","","0000-00-00 00:00:00","0000-00-00 00:00:00"
72,"F","BEAGLE AIRCRAFT","BASSET","BASS",2,"P","S","1200","1300","","0000-00-00 00:00:00","0000-00-00 00:00:00"
73,"F","BEECH AIRCRAFT","BEECH AIRLINER","B190",2,"T","S","2400","2400","","0000-00-00 00:00:00","0000-00-00 00:00:00"
75,"F","BEECH AIRCRAFT","SUPER KING AIR 350","B350",2,"T","S","3000","3000","","0000-00-00 00:00:00","0000-00-00 00:00:00"
76,"F","BEECH AIRCRAFT","KING AIR 100","BE10",2,"T","S","2250","2250","","0000-00-00 00:00:00","0000-00-00 00:00:00"
77,"F","BEECH AIRCRAFT","STAGGER WING","BE17",1,"P","S","1375","1375","","0000-00-00 00:00:00","0000-00-00 00:00:00"
78,"F","BEECH AIRCRAFT","TWIN BEECH","BE18",2,"P","S","1400","1000","","0000-00-00 00:00:00","0000-00-00 00:00:00"
79,"F","BEECH AIRCRAFT","TWIN BEECH","B18T",2,"T","S","2000","2000","","0000-00-00 00:00:00","0000-00-00 00:00:00"
80,"F","BEECH AIRCRAFT","MUSKETEER SPORT","BE19",1,"P","S","680","680","","0000-00-00 00:00:00","0000-00-00 00:00:00"
81,"F","BEECH AIRCRAFT","SUPER KING AIR COMMUTER","BE20",2,"T","S","2450","2500","","0000-00-00 00:00:00","0000-00-00 00:00:00"
82,"F","BEECH AIRCRAFT","MUSKETEER SUNDOWNER","BE23",1,"P","S","740","800","","0000-00-00 00:00:00","0000-00-00 00:00:00"
83,"F","BEECH AIRCRAFT","MUSKETEER SUPER SIERRA","BE24",1,"P","S","1000","1000","","0000-00-00 00:00:00","0000-00-00 00:00:00"
84,"F","IAI","1123 GULFSTREAM 150","G150",2,"J","S","","","","0000-00-00 00:00:00","0000-00-00 00:00:00"
85,"F","ILYUSHIN","A-50 Be-976","A50",4,"J","H","","","","0000-00-00 00:00:00","0000-00-00 00:00:00"
86,"F","ILYUSHIN","IL-14","IL14",2,"P","S","","","","0000-00-00 00:00:00","0000-00-00 00:00:00"
87,"F","ILYUSHIN","IL-18/20/22/24 BIZON-ZEBRA","IL18",4,"T","L","","","","0000-00-00 00:00:00","0000-00-00 00:00:00"
88,"F","ILYUSHIN","IL-28","IL28",2,"J","L","","","","0000-00-00 00:00:00","0000-00-00 00:00:00"
89,"F","ILYUSHIN","IL-38","IL38",4,"J","L","","","","0000-00-00 00:00:00","0000-00-00 00:00:00"
90,"F","ILYUSHIN","IL-62","IL62",4,"J","H","3500","2500","","0000-00-00 00:00:00","0000-00-00 00:00:00"
91,"F","ILYUSHIN","IL-76/78/82 GAJARAJ","IL76",4,"J","H","3000","2500","","0000-00-00 00:00:00","0000-00-00 00:00:00"
92,"F","ILYUSHIN","IL-86/87","IL86",4,"J","H","","","","0000-00-00 00:00:00","0000-00-00 00:00:00"
93,"F","ILYUSHIN","IL-96","IL96",4,"J","H","","","","0000-00-00 00:00:00","0000-00-00 00:00:00"
94,"F","ILYUSHIN","IL-103","I103",1,"P","S","","","","0000-00-00 00:00:00","0000-00-00 00:00:00"
95,"F","ILYUSHIN","IL-114","I114",2,"T","L","","","","0000-00-00 00:00:00","0000-00-00 00:00:00"
96,"H","KAMAN AERO","H-2 SEASPRITE","H2",2,"T","L","2400","2400","","0000-00-00 00:00:00","0000-00-00 00:00:00"
97,"H","KAMAN AERO","HUSKE 600 3/5","H43B",1,"T","L","2000","2000","","0000-00-00 00:00:00","0000-00-00 00:00:00"
98,"H","KAWASAKI HEAVY","KV-107 SEA KNIGHT","H46",2,"T","S","1500","1500","","0000-00-00 00:00:00","0000-00-00 00:00:00"
99,"F","LAKE AIRCRAFT","LA-250/270 RENAGADE","LA25",1,"P","S","700","700","","0000-00-00 00:00:00","0000-00-00 00:00:00"
100,"F","LAKE AIRCRAFT","LA-4/200 BUCCANEER","LA4",1,"P","S","1100","1100","","0000-00-00 00:00:00","0000-00-00 00:00:00"
101,"F","LOCKHEED","B-34 PV VENTURE HARPOON","L37",2,"P","S","","","","0000-00-00 00:00:00","0000-00-00 00:00:00"
102,"F","LOCKHEED","C-5 GALAXY","C5",4,"J","H","2500","2000","","0000-00-00 00:00:00","0000-00-00 00:00:00"
103,"F","LOCKHEED","C-130 HERCULES","C130",4,"T","L","1500","1500","","0000-00-00 00:00:00","0000-00-00 00:00:00"
104,"F","LOCKHEED","C-141 STARLIFTER","C141",4,"J","H","3500","3000","","0000-00-00 00:00:00","0000-00-00 00:00:00"
105,"F","LOCKHEED","L-049/749/1049 CONSTELLATION","CONI",4,"P","L","1700","1700","","0000-00-00 00:00:00","0000-00-00 00:00:00"
106,"F","LOCKHEED","F-22 RAPTOR (L-645)","F22",2,"J","L","","","","0000-00-00 00:00:00","0000-00-00 00:00:00"
107,"F","LOCKHEED","F-104 STARFIGHTER","F104",1,"J","L","5000","4000","","0000-00-00 00:00:00","0000-00-00 00:00:00"
108,"F","LOCKHEED","F-117 NIGHTHAWK","F117",2,"J","L","","","","0000-00-00 00:00:00","0000-00-00 00:00:00"
109,"F","LOCKHEED","L-1011 TRI-STAR","L101",3,"J","H","3500","3000","","0000-00-00 00:00:00","0000-00-00 00:00:00"
110,"F","LOCKHEED","L-18 LODESTAR","L18",2,"P","L","1800","2000","","0000-00-00 00:00:00","0000-00-00 00:00:00"
111,"F","LOCKHEED","L-188 ELECTRA","L188",4,"T","L","1850","2000","","0000-00-00 00:00:00","0000-00-00 00:00:00"
112,"F","LOCKHEED","L-1329 JETSTAR 6/8","L29A",4,"J","L","4000","3000","","0000-00-00 00:00:00","0000-00-00 00:00:00"
113,"F","LOCKHEED","L-1329 JETSTAR 2/731","L29B",4,"J","L","4000","3000","","0000-00-00 00:00:00","0000-00-00 00:00:00"
114,"F","LOCKHEED","P-2D/H NEPTUNE","P2",2,"P","L","","","","0000-00-00 00:00:00","0000-00-00 00:00:00"
115,"F","LOCKHEED","P-3 ORION","P3",4,"T","L","1850","2000","","0000-00-00 00:00:00","0000-00-00 00:00:00"
116,"F","LOCKHEED","P-38 LIGHTNING","P38",2,"P","S","","","","0000-00-00 00:00:00","0000-00-00 00:00:00"
117,"F","LOCKHEED","S-3 VIKING","S3",2,"J","L","2000","2000","","0000-00-00 00:00:00","0000-00-00 00:00:00"
118,"F","LOCKHEED","SR-71 BLACKBIRD","SR71",2,"J","L","","","","0000-00-00 00:00:00","0000-00-00 00:00:00"
119,"F","LOCKHEED","T-33 SHOOTING STAR","T33",2,"J","L","2000","2000","","0000-00-00 00:00:00","0000-00-00 00:00:00"
120,"F","LOCKHEED","U2 ER-2","U2",1,"J","S","6000","6000","","0000-00-00 00:00:00","0000-00-00 00:00:00"
121,"F","MARTIN","404","M404",2,"P","L","1600","1500","","0000-00-00 00:00:00","0000-00-00 00:00:00"
122,"F","MARTIN","B-26 MARAUDER","B26M",2,"P","S","","","","0000-00-00 00:00:00","0000-00-00 00:00:00"
123,"F","MARTIN","WB-57 (272)","WB57",2,"J","L","","","","0000-00-00 00:00:00","0000-00-00 00:00:00"
124,"F","MAULE","M-4 BEE-DEE/JETASEN","M4",1,"P","S","1000","1000","","0000-00-00 00:00:00","0000-00-00 00:00:00"
125,"F","MAULE","M-5 STRANTA ROCKET","M5",1,"P","S","1000","1000","","0000-00-00 00:00:00","0000-00-00 00:00:00"
126,"F","MAULE","M-6 SUPER ROCKET","M6",1,"P","S","1500","1000","","0000-00-00 00:00:00","0000-00-00 00:00:00"
127,"F","MAULE","M-7-235/260 STAR ROCKET","M7",1,"P","S","825","","","0000-00-00 00:00:00","0000-00-00 00:00:00"
128,"F","MAULE","M-7-420 STAR CRAFT","M7T",1,"T","S","4500","","","0000-00-00 00:00:00","0000-00-00 00:00:00"
129,"F","MAULE","M-8","M8",1,"P","S","","","","0000-00-00 00:00:00","0000-00-00 00:00:00"
130,"F","MCDONNELL-DOUGLAS","SKYWARRIOR","A3",2,"J","L","5000","6000","","0000-00-00 00:00:00","0000-00-00 00:00:00"
131,"F","MCDONNELL-DOUGLAS","A-4 SKYHAWK","A4",1,"J","S","5000","5000","","0000-00-00 00:00:00","0000-00-00 00:00:00"
132,"F","MCDONNELL-DOUGLAS","INVADER","B26",2,"P","L","1000","1000","","0000-00-00 00:00:00","0000-00-00 00:00:00"
133,"F","MCDONNELL-DOUGLAS","YC-15","C15",4,"J","L","","","","0000-00-00 00:00:00","0000-00-00 00:00:00"
134,"F","MCDONNELL-DOUGLAS","C-17 GLOBEMASTER 3","C17",4,"J","H","","","","0000-00-00 00:00:00","0000-00-00 00:00:00"
135,"F","MCDONNELL-DOUGLAS","DC-10 KC-10 EXTENDER","DC10",3,"J","H","2400","2000","","0000-00-00 00:00:00","0000-00-00 00:00:00"
136,"F","MCDONNELL-DOUGLAS","DC-3/C-47 SKYTRAIN","DC3",2,"P","S","1200","1200","","0000-00-00 00:00:00","0000-00-00 00:00:00"
137,"F","MCDONNELL-DOUGLAS","SUPER DC-3","DC3S",2,"P","S","1330","1330","","0000-00-00 00:00:00","0000-00-00 00:00:00"
138,"F","MCDONNELL-DOUGLAS","SKYMASTER","DC4",4,"P","L","2300","2300","","0000-00-00 00:00:00","0000-00-00 00:00:00"
139,"F","MCDONNELL-DOUGLAS","DC-6/B LIFTMASTER","DC6",4,"P","L","1000","1000","","0000-00-00 00:00:00","0000-00-00 00:00:00"
140,"F","MCDONNELL-DOUGLAS","DC-7/B/C SEVEN SEAS","DC7",4,"P","L","1250","1250","","0000-00-00 00:00:00","0000-00-00 00:00:00"
141,"F","MCDONNELL-DOUGLAS","DC-8-50 JET TRADER","DC85",4,"J","H","4000","4000","","0000-00-00 00:00:00","0000-00-00 00:00:00"
142,"F","MCDONNELL-DOUGLAS","DC-8-60","DC86",4,"J","H","4000","4000","","0000-00-00 00:00:00","0000-00-00 00:00:00"
143,"F","MCDONNELL-DOUGLAS","DC-8-70","DC87",4,"J","H","5000","5000","","0000-00-00 00:00:00","0000-00-00 00:00:00"
144,"F","MCDONNELL-DOUGLAS","DC-8 STAGE 3 (US ONLY)","DC8Q",4,"J","H","4000","4000","","0000-00-00 00:00:00","0000-00-00 00:00:00"
145,"F","MCDONNELL-DOUGLAS","DC-9 STAGE 3 (US ONLY)","DC9Q",2,"J","L","3000","3000","","0000-00-00 00:00:00","0000-00-00 00:00:00"
146,"F","MCDONNELL-DOUGLAS","DC-9-10","DC91",2,"J","L","3000","3000","","0000-00-00 00:00:00","0000-00-00 00:00:00"
147,"F","MCDONNELL-DOUGLAS","DC-9-20","DC92",2,"J","L","3000","3000","","0000-00-00 00:00:00","0000-00-00 00:00:00"
148,"F","MCDONNELL-DOUGLAS","DC-9-30 (C-9 NIGHTINGALE)","DC93",2,"J","L","3000","3000","","0000-00-00 00:00:00","0000-00-00 00:00:00"
149,"F","MCDONNELL-DOUGLAS","DC-9-40","DC94",2,"J","L","3000","3000","","0000-00-00 00:00:00","0000-00-00 00:00:00"
150,"F","MCDONNELL-DOUGLAS","DC-9-50","DC95",2,"J","L","3000","3000","","0000-00-00 00:00:00","0000-00-00 00:00:00"
151,"F","MCDONNELL-DOUGLAS","F-15 EAGLE","F15",2,"J","L","8000","5000","","0000-00-00 00:00:00","0000-00-00 00:00:00"
152,"F","MCDONNELL-DOUGLAS","FA-18 HORNET","F18",2,"J","L","8000","6000","","0000-00-00 00:00:00","0000-00-00 00:00:00"
153,"F","MCDONNELL-DOUGLAS","F-4 PHANTOM","F4",2,"J","L","8000","6000","","0000-00-00 00:00:00","0000-00-00 00:00:00"
154,"F","MCDONNELL-DOUGLAS","MD-11","MD11",3,"J","H","","","","0000-00-00 00:00:00","0000-00-00 00:00:00"
155,"F","MCDONNELL-DOUGLAS","MD-81","MD81",2,"J","L","3500","3000","","0000-00-00 00:00:00","0000-00-00 00:00:00"
156,"F","MCDONNELL-DOUGLAS","MD-82","MD82",2,"J","L","3500","3000","","0000-00-00 00:00:00","0000-00-00 00:00:00"
157,"F","MCDONNELL-DOUGLAS","MD-83","MD83",2,"J","L","3500","3000","","0000-00-00 00:00:00","0000-00-00 00:00:00"
158,"F","MCDONNELL-DOUGLAS","MD-87","MD87",2,"J","L","3500","3000","","0000-00-00 00:00:00","0000-00-00 00:00:00"
159,"F","MCDONNELL-DOUGLAS","MD-88","MD88",2,"J","L","3500","3000","","0000-00-00 00:00:00","0000-00-00 00:00:00"
160,"F","MCDONNELL-DOUGLAS","MD-90","MD90",2,"J","L","","","","0000-00-00 00:00:00","0000-00-00 00:00:00"
161,"H","MCDONNELL-DOUGLAS","MODEL 77 APACHE/LONGBOW","H64",2,"T","S","1500","1500","","0000-00-00 00:00:00","0000-00-00 00:00:00"
162,"H","MCDONNELL-DOUGLAS","MODEL 269/200/300 SKYNIGHT","H269",1,"P","S","1000","1000","","0000-00-00 00:00:00","0000-00-00 00:00:00"
163,"H","MCDONNELL-DOUGLAS","MODEL 500C/530F DEFENDER","H500",1,"P","S","1500","1500","","0000-00-00 00:00:00","0000-00-00 00:00:00"
164,"H","MCDONNELL-DOUGLAS","OSAGE","H269",1,"P","S","1000","1000","","0000-00-00 00:00:00","0000-00-00 00:00:00"
165,"F","MESSERSCHMITT","Bf-108 TAIFUN","ME08",1,"P","S","400","500","","0000-00-00 00:00:00","0000-00-00 00:00:00"
166,"F","MESSERSCHMITT","Bf-109","ME09",1,"P","S","","","","0000-00-00 00:00:00","0000-00-00 00:00:00"
167,"F","MESSERSCHMITT","Me-262","ME62",2,"J","S","","","","0000-00-00 00:00:00","0000-00-00 00:00:00"
168,"F","MESSERSCHMITT","223 FLAMINGO","S223",1,"P","S","","","","0000-00-00 00:00:00","0000-00-00 00:00:00"
169,"F","MESSERSCHMITT","BO-209 MONSUN","B209",1,"P","S","1100","1100","","0000-00-00 00:00:00","0000-00-00 00:00:00"
170,"H","MESSERSCHMITT","MODEL BO 105","B105",2,"T","S","1200","1200","","0000-00-00 00:00:00","0000-00-00 00:00:00"
171,"H","MBB/KAWASAKI","MODEL BK 117","BK11",2,"T","S","1500","1500","","0000-00-00 00:00:00","0000-00-00 00:00:00"
172,"F","MITSUBISHI","A6M ZERO","ZERO",1,"P","S","","","","0000-00-00 00:00:00","0000-00-00 00:00:00"
173,"F","MITSUBISHI","F-1","F1",2,"J","S","","","","0000-00-00 00:00:00","0000-00-00 00:00:00"
174,"F","MITSUBISHI","F-2","F2",1,"J","L","8000","5000","","0000-00-00 00:00:00","0000-00-00 00:00:00"
175,"F","MITSUBISHI","F-86 SABRE","F86",1,"J","L","4000","4000","","0000-00-00 00:00:00","0000-00-00 00:00:00"
176,"F","MITSUBISHI","MU-2 MARQUISE","MU2",2,"T","S","3500","3000","","0000-00-00 00:00:00","0000-00-00 00:00:00"
177,"F","MITSUBISHI","MU-300 DIAMOND","MU30",2,"J","S","3500","4000","","0000-00-00 00:00:00","0000-00-00 00:00:00"
178,"F","MITSUBISHI","T-2","MT2",2,"J","S","","","","0000-00-00 00:00:00","0000-00-00 00:00:00"
179,"F","MOONEY","A-2 AIRCOUPE","ERCO",1,"P","S","630","630","","0000-00-00 00:00:00","0000-00-00 00:00:00"
180,"F","MOONEY","M-10 CADET","M10",1,"P","S","800","800","","0000-00-00 00:00:00","0000-00-00 00:00:00"
181,"F","MOONEY","M-18 MITE/WEE SCOTSMAN","MITE",1,"P","S","750","750","","0000-00-00 00:00:00","0000-00-00 00:00:00"
182,"F","MOONEY","M-20 201 202 205 220 ATS MSE","M20P",1,"P","S","1000","1000","","0000-00-00 00:00:00","0000-00-00 00:00:00"
183,"F","MOONEY","M-20K/M ENCORE BRAVO","M20T",1,"P","S","1500","1200","","0000-00-00 00:00:00","0000-00-00 00:00:00"
184,"F","MOONEY","M-22 MUSTANG","M22",1,"P","S","1300","1300","","0000-00-00 00:00:00","0000-00-00 00:00:00"
185,"F","MUDRY","CAP-10","CP10",1,"P","S","1500","2000","","0000-00-00 00:00:00","0000-00-00 00:00:00"
186,"F","MUDRY","CAP-20","CP20",1,"P","S","1500","2000","","0000-00-00 00:00:00","0000-00-00 00:00:00"
187,"F","MUDRY","CAP-21","CP21",1,"P","S","","","","0000-00-00 00:00:00","0000-00-00 00:00:00"
188,"F","MUDRY","CAP-230.231/232","CP23",1,"P","S","","","","0000-00-00 00:00:00","0000-00-00 00:00:00"
189,"F","MUDRY","D-140 MOUSQUETAIRE","D140",1,"P","S","","","","0000-00-00 00:00:00","0000-00-00 00:00:00"
190,"F","NAMC","YS-11","YS11",2,"T","L","1500","1500","","0000-00-00 00:00:00","0000-00-00 00:00:00"
191,"F","NAVION","RANGEMASTER","RANG",1,"P","S","1250","1500","","0000-00-00 00:00:00","0000-00-00 00:00:00"
192,"F","NOORDYUN","NORSEMAN Mk4/5/6","NORS",1,"P","S","700","1000","","0000-00-00 00:00:00","0000-00-00 00:00:00"
193,"F","NORD","TRANSALL C-160","C160",2,"T","L","2000","2000","","0000-00-00 00:00:00","0000-00-00 00:00:00"
194,"F","NORD","260 SUPER BROUSSARD","N260",2,"T","S","2500","2000","","0000-00-00 00:00:00","0000-00-00 00:00:00"
195,"F","NORD","262 FREGATE MOHAWK 298","N262",2,"T","S","2500","2000","","0000-00-00 00:00:00","0000-00-00 00:00:00"
196,"F","NORD","1000 1001 1002 PINGOUIN","ME08",1,"P","S","400","500","","0000-00-00 00:00:00","0000-00-00 00:00:00"
197,"F","NORD","1101 1102 NORALPHA/RAMIER","N110",1,"P","S","","","","0000-00-00 00:00:00","0000-00-00 00:00:00"
198,"F","NORD","1200/1204 NORECRIN","N120",1,"P","S","","","","0000-00-00 00:00:00","0000-00-00 00:00:00"
199,"F","NORD","2501/2508 NORATLAS","NORA",2,"P","L","1500","1500","","0000-00-00 00:00:00","0000-00-00 00:00:00"
200,"F","NORD","3202","N320",1,"P","S","","","","0000-00-00 00:00:00","0000-00-00 00:00:00"
201,"F","NORD","3400","N340",1,"P","S","","","","0000-00-00 00:00:00","0000-00-00 00:00:00"
202,"F","BEECH AIRCRAFT","300 SUPER KING AIR","BE30",2,"T","S","3000","3000","","0000-00-00 00:00:00","0000-00-00 00:00:00"
203,"F","BEECH AIRCRAFT","DEBONAIR BONANZA","BE33",1,"P","S","1000","1000","","0000-00-00 00:00:00","0000-00-00 00:00:00"
204,"F","BEECH AIRCRAFT","BONANZA","BE35",1,"P","S","1200","1200","","0000-00-00 00:00:00","0000-00-00 00:00:00"
205,"F","BEECH AIRCRAFT","BONANZA","BE36",1,"P","S","1100","1100","","0000-00-00 00:00:00","0000-00-00 00:00:00"
206,"F","BEECH AIRCRAFT","TURBINE BONANZA","B36T",1,"T","S","","","","0000-00-00 00:00:00","0000-00-00 00:00:00"
207,"F","BEECH AIRCRAFT","BEECHJET HAWKER 400","BE40",2,"J","S","3300","2200","","0000-00-00 00:00:00","0000-00-00 00:00:00"
208,"F","BEECH AIRCRAFT","TWIN BONANZA","BE50",2,"P","S","1600","1600","","0000-00-00 00:00:00","0000-00-00 00:00:00"
209,"F","BEECH AIRCRAFT","BARON","BE55",2,"P","S","1700","1700","","0000-00-00 00:00:00","0000-00-00 00:00:00"
210,"F","BEECH AIRCRAFT","TURBO BARON","BE56",2,"P","S","","","","0000-00-00 00:00:00","0000-00-00 00:00:00"
211,"F","BEECH AIRCRAFT","BARON","BE58",2,"P","S","1730","1730","","0000-00-00 00:00:00","0000-00-00 00:00:00"
212,"F","BEECH AIRCRAFT","DUKE","BE60",2,"P","S","1600","1600","","0000-00-00 00:00:00","0000-00-00 00:00:00"
213,"F","BEECH AIRCRAFT","QUEEN AIR","BE65",2,"P","S","","","","0000-00-00 00:00:00","0000-00-00 00:00:00"
214,"F","BEECH AIRCRAFT","DUCHESS","BE76",2,"P","S","1500","1500","","0000-00-00 00:00:00","0000-00-00 00:00:00"
215,"F","BEECH AIRCRAFT","SKIPPER","BE77",1,"P","S","750","750","","0000-00-00 00:00:00","0000-00-00 00:00:00"
216,"F","BEECH AIRCRAFT","QUEEN AIR","BE80",2,"P","S","1275","1275","","0000-00-00 00:00:00","0000-00-00 00:00:00"
217,"F","BEECH AIRCRAFT","QUEEN AIR","BE88",2,"P","S","","","","0000-00-00 00:00:00","0000-00-00 00:00:00"
218,"F","BEECH AIRCRAFT","TRAVEL AIR","BE95",2,"P","S","1250","1250","","0000-00-00 00:00:00","0000-00-00 00:00:00"
219,"F","BEECH AIRCRAFT","AIRLINER","BE99",2,"T","S","1750","1750","","0000-00-00 00:00:00","0000-00-00 00:00:00"
220,"F","BEECH AIRCRAFT","A90-E90 KING AIR","BE9L",2,"T","S","2000","2000","","0000-00-00 00:00:00","0000-00-00 00:00:00"
221,"F","BEECH AIRCRAFT","F90 KING AIR","BE9T",2,"T","S","2600","2600","","0000-00-00 00:00:00","0000-00-00 00:00:00"
222,"F","BEECH AIRCRAFT","STARSHIP","STAR",2,"T","S","2650","2650","","0000-00-00 00:00:00","0000-00-00 00:00:00"
223,"F","BEECH AIRCRAFT","PREMIER","PRM1",2,"J","S","3000","3000","","0000-00-00 00:00:00","0000-00-00 00:00:00"
224,"F","BEECH AIRCRAFT","MENTOR","T34P",1,"P","S","1150","1150","","0000-00-00 00:00:00","0000-00-00 00:00:00"
225,"F","BEECH AIRCRAFT","TURBO MENTOR","T34T",1,"T","S","1100","1000","","0000-00-00 00:00:00","0000-00-00 00:00:00"
226,"F","BEECH AIRCRAFT","T-6A TEXAN","TEX2",1,"T","S","","","","0000-00-00 00:00:00","0000-00-00 00:00:00"
227,"F","BEECH AIRCRAFT","U-21","U21",2,"T","S","2000","2000","","0000-00-00 00:00:00","0000-00-00 00:00:00"
228,"F","BEECH AIRCRAFT","QU-22","U22",1,"P","S","","","","0000-00-00 00:00:00","0000-00-00 00:00:00"
229,"F","BELLANCA AIRCRAFT","AERONCA CHIEF","AR11",1,"P","S","500","500","","0000-00-00 00:00:00","0000-00-00 00:00:00"
230,"F","BELLANCA AIRCRAFT","AERONCA SEDAN","AR15",1,"P","S","500","500","","0000-00-00 00:00:00","0000-00-00 00:00:00"
231,"F","BELLANCA AIRCRAFT","CRUISEAIR CRUISMASTER","BA14",1,"P","S","1030","1030","","0000-00-00 00:00:00","0000-00-00 00:00:00"
232,"F","BELLANCA AIRCRAFT","BELANCA 260","B14C",1,"P","S","1500","1","1","0000-00-00 00:00:00","0000-00-00 00:00:00"
233,"F","BELANCA AIRCRAFT","VIKING","BL17",1,"P","S","1100","1000","","0000-00-00 00:00:00","0000-00-00 00:00:00"
234,"F","BELLANCA AIRCRAFT","SKYROCKET","BL19",1,"P","S","","","","0000-00-00 00:00:00","0000-00-00 00:00:00"
235,"F","BELLANCA AIRCRAFT","DECATHLON","BL8",1,"P","S","1000","1000","","0000-00-00 00:00:00","0000-00-00 00:00:00"
236,"F","BELLANCA AIRCRAFT","CHAMPION LANCER","CH40",2,"P","S","650","1000","","0000-00-00 00:00:00","0000-00-00 00:00:00"
237,"F","BELLANCA AIRCRAFT","CHAMP - CITABRIA","CH7A",1,"P","S","750","750","","0000-00-00 00:00:00","0000-00-00 00:00:00"
238,"F","BELLANCA AIRCRAFT","CITABRIA","CH7B",1,"P","S","1100","1100","","0000-00-00 00:00:00","0000-00-00 00:00:00"
239,"F","BELLANCA AIRCRAFT","ARIES","T250",1,"P","S","","","","0000-00-00 00:00:00","0000-00-00 00:00:00"
240,"H","BELL/BOEING","OSPREY","V22",2,"P","L","1","1","","0000-00-00 00:00:00","0000-00-00 00:00:00"
241,"H","BELL TEXTRON","BIGLIFTER/BELL 204/205/214/AB-","UH1",1,"T","S","1500","1500","","0000-00-00 00:00:00","0000-00-00 00:00:00"
242,"H","BELL TEXTRON","COBRA","HUCO",1,"T","S","1375","1375","","0000-00-00 00:00:00","0000-00-00 00:00:00"
243,"H","BELL TEXTRON","JET RANGER","B06",1,"T","S","1200","1000","","0000-00-00 00:00:00","0000-00-00 00:00:00"
244,"H","BELL TEXTRON","HUEY","UH1",1,"T","S","1500","1500","","0000-00-00 00:00:00","0000-00-00 00:00:00"
245,"H","BELL TEXTRON","RANGER MODEL 47J","B47J",1,"P","S","1000","1000","","0000-00-00 00:00:00","0000-00-00 00:00:00"
246,"H","BELL TEXTRON","SIOUX/MODEL 47G/OH-13","B47G",1,"P","S","1000","1000","","0000-00-00 00:00:00","0000-00-00 00:00:00"
247,"H","BELL TEXTRON","TWIN HUEY","B12",2,"T","S","1420","1420","","0000-00-00 00:00:00","0000-00-00 00:00:00"
248,"H","BELL TEXTRON","MODEL 214ST SUPER TRANSPORT","BSTP",2,"T","S","1420","1420","","0000-00-00 00:00:00","0000-00-00 00:00:00"
249,"H","BELL TEXTRON","MODEL 222/230/430","B222",2,"T","S","1500","1000","","0000-00-00 00:00:00","0000-00-00 00:00:00"
250,"F","BOEING","STRATOFORTRESS","B52",8,"J","H","3000","3000","","0000-00-00 00:00:00","0000-00-00 00:00:00"
251,"F","BOEING","707-100","B701",4,"J","H","3500","3500","","0000-00-00 00:00:00","0000-00-00 00:00:00"
252,"F","BOEING","707-200","B703",4,"J","H","3500","3500","","0000-00-00 00:00:00","0000-00-00 00:00:00"
253,"F","BOEING","717-200","B712",2,"J","L","","","","0000-00-00 00:00:00","0000-00-00 00:00:00"
254,"F","BOEING","720","B720",4,"J","L","3000","3000","","0000-00-00 00:00:00","0000-00-00 00:00:00"
255,"F","BOEING","727-100","B721",3,"J","L","4500","4500","","0000-00-00 00:00:00","0000-00-00 00:00:00"
256,"F","BOEING","727-200","B722",3,"J","L","4500","4500","","0000-00-00 00:00:00","0000-00-00 00:00:00"
257,"F","BOEING","727-100RE SUPER-27","R721",3,"J","L","4300","4300","","0000-00-00 00:00:00","0000-00-00 00:00:00"
258,"F","BOEING","727-200RE SUPER-27","R722",3,"J","L","4300","4300","","0000-00-00 00:00:00","0000-00-00 00:00:00"
259,"F","BOEING","727 STAGE 3","B72Q",3,"J","L","4500","4500","","0000-00-00 00:00:00","0000-00-00 00:00:00"
260,"F","BOEING","737-100","B731",2,"J","L","3000","3000","","0000-00-00 00:00:00","0000-00-00 00:00:00"
261,"F","BOEING","737-200","B732",2,"J","L","3000","3000","","0000-00-00 00:00:00","0000-00-00 00:00:00"
262,"F","BOEING","737 STAGE-3","B73Q",2,"J","L","3000","3000","","0000-00-00 00:00:00","0000-00-00 00:00:00"
263,"F","BOEING","737-300","B733",2,"J","L","5500","5500","","0000-00-00 00:00:00","0000-00-00 00:00:00"
264,"F","BOEING","737-400","B734",2,"J","L","6500","6500","","0000-00-00 00:00:00","0000-00-00 00:00:00"
265,"F","BOEING","737-500","B735",2,"J","L","5500","5500","","0000-00-00 00:00:00","0000-00-00 00:00:00"
266,"F","BOEING","737-600","B736",2,"J","L","4000","4000","","0000-00-00 00:00:00","0000-00-00 00:00:00"
267,"F","BOEING","737-700","B737",2,"J","L","4000","4000","","0000-00-00 00:00:00","0000-00-00 00:00:00"
268,"F","BOEING","737-800","B738",2,"J","L","4000","4000","","0000-00-00 00:00:00","0000-00-00 00:00:00"
269,"F","BOEING","737-900","B739",2,"J","L","4000","4000","","0000-00-00 00:00:00","0000-00-00 00:00:00"
270,"F","BOEING","747-100","B741",4,"J","H","3000","3000","","0000-00-00 00:00:00","0000-00-00 00:00:00"
271,"F","BOEING","747-200","B742",4,"J","H","3000","3000","","0000-00-00 00:00:00","0000-00-00 00:00:00"
272,"F","BOEING","747-300","B743",4,"J","H","3000","3000","","0000-00-00 00:00:00","0000-00-00 00:00:00"
273,"F","BOEING","747-400 (NO WINGLETS)","B74D",4,"J","H","3000","3000","","0000-00-00 00:00:00","0000-00-00 00:00:00"
274,"F","BOEING","747-400 (WINGLETS)","B744",4,"J","H","3000","3000","","0000-00-00 00:00:00","0000-00-00 00:00:00"
275,"F","BOEING","747SR","B74R",4,"J","H","3000","3000","","0000-00-00 00:00:00","0000-00-00 00:00:00"
276,"F","BOEING","747SP","B74S",4,"J","H","3000","3000","","0000-00-00 00:00:00","0000-00-00 00:00:00"
277,"F","BOEING","757-200","B752",2,"J","L","3500","2500","","0000-00-00 00:00:00","0000-00-00 00:00:00"
278,"F","BOEING","757-300","B753",2,"J","H","3500","2500","","0000-00-00 00:00:00","0000-00-00 00:00:00"
279,"F","BOEING","767-200","B762",2,"J","H","3500","3500","","0000-00-00 00:00:00","0000-00-00 00:00:00"
280,"F","BOEING","767-300","B763",2,"J","H","3500","3500","3","0000-00-00 00:00:00","0000-00-00 00:00:00"
281,"F","BOEING","767-400","B764",2,"J","H","3500","3500","","0000-00-00 00:00:00","0000-00-00 00:00:00"
282,"F","BOEING","777-200/777-200ER","B772",2,"J","H","2500","2500","","0000-00-00 00:00:00","0000-00-00 00:00:00"
283,"F","BOEING","777-300","B773",2,"J","H","2500","2500","","0000-00-00 00:00:00","0000-00-00 00:00:00"
284,"F","BOEING","747SCA SHUTTLE CARRIER","BSCA",4,"J","H","","","","0000-00-00 00:00:00","0000-00-00 00:00:00"
285,"F","BOEING","C-135 STRATOLIFTER","C135",4,"J","H","2000","2000","","0000-00-00 00:00:00","0000-00-00 00:00:00"
286,"F","BOEING","C-17 GLOBEMASTER 3","C17",4,"J","H","","","","0000-00-00 00:00:00","0000-00-00 00:00:00"
287,"F","BOEING","C-97 STRATOFREIGHTER","C97",4,"P","L","2500","3000","","0000-00-00 00:00:00","0000-00-00 00:00:00"
288,"F","BOEING","KC-135A STRATOTANKER","K35E",4,"J","H","2500","3000","","0000-00-00 00:00:00","0000-00-00 00:00:00"
289,"F","BOEING","KC-135D/E STRATOTANKER","K35E",4,"J","H","5000","3000","","0000-00-00 00:00:00","0000-00-00 00:00:00"
290,"F","BOEING","KC-135R/T STRATOTANKER","K35R",4,"J","H","5000","3000","","0000-00-00 00:00:00","0000-00-00 00:00:00"
291,"F","BOEING","KE-3","KE3",4,"J","H","3500","3500","","0000-00-00 00:00:00","0000-00-00 00:00:00"
292,"F","BOEING","RC-135","R135",4,"J","H","3000","3000","","0000-00-00 00:00:00","0000-00-00 00:00:00"
293,"F","BOEING","E-3A SENTRY","E3TF",4,"J","H","3500","4000","","0000-00-00 00:00:00","0000-00-00 00:00:00"
294,"F","BOEING","E-3A SENTRY","E3CF",4,"J","H","","","","0000-00-00 00:00:00","0000-00-00 00:00:00"
295,"F","BOEING","E-6 MERCURY","E6",4,"J","H","3500","3500","","0000-00-00 00:00:00","0000-00-00 00:00:00"
296,"F","BOEING","E-767","E767",2,"J","H","2500","2500","","0000-00-00 00:00:00","0000-00-00 00:00:00"
297,"F","BOEING","75 KADET","ST75",1,"P","S","840","840","","0000-00-00 00:00:00","0000-00-00 00:00:00"
298,"H","BOEING VERTOL","CHINOOK MODEL 234","H47",2,"T","L","1500","1500","","0000-00-00 00:00:00","0000-00-00 00:00:00"
299,"H","BOEING VERTOL","SEA KNIGHT 107/CH-113 LABRADOR","H46",2,"T","S","2130","2130","","0000-00-00 00:00:00","0000-00-00 00:00:00"
300,"H","BOLKOW","MODEL 105/BI-105","B105",2,"T","S","1500","1500","","0000-00-00 00:00:00","0000-00-00 00:00:00"
301,"F","BOMBARDIER","BD-100 CHALLENGER 300","CL30",2,"J","S","3500","3500","","0000-00-00 00:00:00","0000-00-00 00:00:00"
302,"F","BOMBARDIER","BD-700 GLOBAL 5000","GL5T",2,"J","L","3500","3500","","0000-00-00 00:00:00","0000-00-00 00:00:00"
303,"F","BOMBARDIER","BD-700 GLOBAL EXPRESS","GLEX",2,"J","L","","","","0000-00-00 00:00:00","0000-00-00 00:00:00"
304,"H","BRANTLEY-HYNES","MODEL B-2/A/B H-2","BRB2",1,"P","S","1400","1400","","0000-00-00 00:00:00","0000-00-00 00:00:00"
305,"H","BRANTLEY-HYNES","MODEL 305","B305",1,"P","S","1300","1300","","0000-00-00 00:00:00","0000-00-00 00:00:00"
306,"F","BRITISH AERO","BAe 748 ANDOVER","A748",2,"T","L","2500","2000","","0000-00-00 00:00:00","0000-00-00 00:00:00"
307,"F","BRITISH AERO","ATP ADVANCE TURBOPROP","ATP",2,"T","L","3000","3000","","0000-00-00 00:00:00","0000-00-00 00:00:00"
308,"F","BRITISH AERO","BAC-111 ONE-ELEVEN","BA11",2,"J","L","2400","2400","","0000-00-00 00:00:00","0000-00-00 00:00:00"
309,"F","BRITISH AERO","BAC-167 STRKEMASTER","JPRO",1,"J","S","","","","0000-00-00 00:00:00","0000-00-00 00:00:00"
310,"F","BRITISH AERO","BAe HS 125","H25A",2,"J","S","2500","2000","","0000-00-00 00:00:00","0000-00-00 00:00:00"
311,"F","BRITISH AERO","BAe-125-700/800","H25B",2,"J","S","3000","4000","","0000-00-00 00:00:00","0000-00-00 00:00:00"
312,"F","BRITISH AERO","BAe-146-100 STATESMAN","B461",4,"J","L","3500","3500","","0000-00-00 00:00:00","0000-00-00 00:00:00"
313,"F","BRITISH AERO","BAe-146-200 QUIET TRADER","B462",4,"J","L","3500","3500","","0000-00-00 00:00:00","0000-00-00 00:00:00"
314,"F","BRITISH AERO","BAe-146-300","B463",4,"J","L","","","","0000-00-00 00:00:00","0000-00-00 00:00:00"
315,"F","BRITISH AERO","BAe-3100 JETSTREAM 31","JS31",2,"T","S","2200","2200","","0000-00-00 00:00:00","0000-00-00 00:00:00"
316,"F","BRITISH AERO","BAe-3200 JETSTREAM SUPER 31","JS32",2,"T","S","2600","2600","","0000-00-00 00:00:00","0000-00-00 00:00:00"
317,"F","BRITISH AERO","BAe-4100 JETSTREAM 41","JS41",2,"T","S","2200","","","0000-00-00 00:00:00","0000-00-00 00:00:00"
318,"F","BRITISH AERO","HARRIER","HAR",1,"J","L","5000","8000","","0000-00-00 00:00:00","0000-00-00 00:00:00"
319,"F","BRITISH AERO","HAWK T45 GOSHAWK","HAWK",1,"J","S","","","","0000-00-00 00:00:00","0000-00-00 00:00:00"
320,"F","BRITISH AERO","JETSTREAM 1","JS1",2,"T","S","2200","2200","","0000-00-00 00:00:00","0000-00-00 00:00:00"
321,"F","BRITISH AERO","JETSTREAM 3","JS3",3,"T","S","2200","2300","","0000-00-00 00:00:00","0000-00-00 00:00:00"
322,"F","BRITISH AERO","JETSTREAM 200","JS20",2,"T","S","2200","2200","","0000-00-00 00:00:00","0000-00-00 00:00:00"
323,"F","BRITISH AERO","NIMROD","N1M",4,"J","L","","","","0000-00-00 00:00:00","0000-00-00 00:00:00"
324,"F","BRITISH AERO","RJ-70","RJ70",4,"J","L","","","","0000-00-00 00:00:00","0000-00-00 00:00:00"
325,"F","BRITISH AERO","RJ-85","RJ85",4,"J","L","","","","0000-00-00 00:00:00","0000-00-00 00:00:00"
326,"F","BRITISH AERO","RJ-100","RJ1H",4,"J","L","","","","0000-00-00 00:00:00","0000-00-00 00:00:00"
327,"F","BRITISH AERO","TORNADO","TOR",2,"J","L","","","","0000-00-00 00:00:00","0000-00-00 00:00:00"
328,"F","BRITTEN NORMAN","BN-2 ISLANDER DEFENDER","BN2P",2,"P","S","1250","1250","","0000-00-00 00:00:00","0000-00-00 00:00:00"
329,"F","BRITTEN NORMAN","BN-2T TURBINE ISLANDER","BN2T",2,"T","S","1500","1500","","0000-00-00 00:00:00","0000-00-00 00:00:00"
330,"F","BRITTEN NORMAN","TRIDENT","TRID",3,"J","L","3000","3000","","0000-00-00 00:00:00","0000-00-00 00:00:00"
331,"F","BRITTEN NORMAN","BN2A MK3 TRISLANDER","TRIS",3,"J","L","1200","1000","","0000-00-00 00:00:00","0000-00-00 00:00:00"
332,"F","BRITTEN NORMAN","VC-10","VC10",4,"J","H","1900","2000","","0000-00-00 00:00:00","0000-00-00 00:00:00"
333,"F","BRITTEN NORMAN","VISCOUNT","VISC",4,"T","L","1200","1500","","0000-00-00 00:00:00","0000-00-00 00:00:00"
334,"F","CAMAIR AIRCRAFT","480 TWIN NAVION","TNAV",2,"P","S","1800","2000","","0000-00-00 00:00:00","0000-00-00 00:00:00"
335,"F","CANADAIR","CL-41 TUTOR","CL41",1,"J","S","","","","0000-00-00 00:00:00","0000-00-00 00:00:00"
336,"F","CANADAIR","CL-44 FORTY FOUR","CL44",4,"T","L","","","","0000-00-00 00:00:00","0000-00-00 00:00:00"
337,"F","CANADAIR","CL-44-O GUPPY","CL4G",4,"T","L","","","","0000-00-00 00:00:00","0000-00-00 00:00:00"
338,"F","CANADAIR","CL-66 CV-580","CVLT",2,"T","L","1500","1500","","0000-00-00 00:00:00","0000-00-00 00:00:00"
339,"F","CANADAIR","CL-600 CHALLENGER","CL60",2,"J","L","2250","3000","","0000-00-00 00:00:00","0000-00-00 00:00:00"
340,"F","CANADAIR","CL-600 CRJ-100","CRJ1",2,"J","L","","","","0000-00-00 00:00:00","0000-00-00 00:00:00"
341,"F","CANADAIR","CL-600 CRJ-200","CRJ2",2,"J","L","","","","0000-00-00 00:00:00","0000-00-00 00:00:00"
342,"F","CANADAIR","CL-600 CRJ-700","CRJ7",2,"J","L","","","","0000-00-00 00:00:00","0000-00-00 00:00:00"
343,"F","CANADAIR","CL-600 CRJ-900","CRJ9",2,"J","L","","","","0000-00-00 00:00:00","0000-00-00 00:00:00"
344,"F","CANADAIR","T-33 SILVER STAR","T33",1,"J","L","2000","2000","","0000-00-00 00:00:00","0000-00-00 00:00:00"
345,"F","CESSNA","A-37 DRAGONFLY","A37",2,"J","S","3370","3000","","0000-00-00 00:00:00","0000-00-00 00:00:00"
346,"F","CESSNA","120","C120",1,"P","S","640","640","","0000-00-00 00:00:00","0000-00-00 00:00:00"
347,"F","CESSNA","140","C140",1,"P","S","640","640","","0000-00-00 00:00:00","0000-00-00 00:00:00"
348,"F","CESSNA","150 COMMUTER AEROBAT","C150",1,"P","S","670","1000","","0000-00-00 00:00:00","0000-00-00 00:00:00"
349,"F","CESSNA","152 AEROBAT","C152",1,"P","S","750","1000","","0000-00-00 00:00:00","0000-00-00 00:00:00"
350,"F","CESSNA","170","C170",1,"P","S","690","1000","","0000-00-00 00:00:00","0000-00-00 00:00:00"
351,"F","CESSNA","172 SKYHAWK","C172",1,"P","S","650","1000","","0000-00-00 00:00:00","0000-00-00 00:00:00"
352,"F","CESSNA","172RG CUTLASS","C72R",1,"P","S","650","1000","","0000-00-00 00:00:00","0000-00-00 00:00:00"
353,"F","CESSNA","175 SKYLARK","C175",1,"P","S","850","1000","","0000-00-00 00:00:00","0000-00-00 00:00:00"
354,"F","CESSNA","177 CARDINAL","C177",1,"P","S","850","1000","","0000-00-00 00:00:00","0000-00-00 00:00:00"
355,"F","CESSNA","177 CARDINAL RG","C77R",1,"P","S","850","1000","","0000-00-00 00:00:00","0000-00-00 00:00:00"
356,"F","CESSNA","180 SKYWAGON","C180",1,"P","S","1130","1130","","0000-00-00 00:00:00","0000-00-00 00:00:00"
357,"F","CESSNA","182 SKYLANE","C182",1,"P","S","890","1000","","0000-00-00 00:00:00","0000-00-00 00:00:00"
358,"F","CESSNA","R182 TURBO SKYLANE","C82R",1,"P","S","890","1000","","0000-00-00 00:00:00","0000-00-00 00:00:00"
359,"F","CESSNA","185 SKYWAGON","C185",1,"P","S","1000","1000","","0000-00-00 00:00:00","0000-00-00 00:00:00"
360,"F","CESSNA","188 AgWAGON","C188",1,"P","S","1000","1000","","0000-00-00 00:00:00","0000-00-00 00:00:00"
361,"F","CESSNA","190","C190",1,"P","S","1090","1090","","0000-00-00 00:00:00","0000-00-00 00:00:00"
362,"F","CESSNA","195 LC-126","C195",1,"P","S","1200","1200","","0000-00-00 00:00:00","0000-00-00 00:00:00"
363,"F","CESSNA","205","C205",1,"P","S","965","1000","","0000-00-00 00:00:00","0000-00-00 00:00:00"
364,"F","CESSNA","206 STATIONAIR","C206",1,"P","S","975","1000","","0000-00-00 00:00:00","0000-00-00 00:00:00"
365,"F","CESSNA","206 TURBINE","C06T",1,"T","S","","","","0000-00-00 00:00:00","0000-00-00 00:00:00"
366,"F","CESSNA","207 TURBO STATIONAIR","C207",1,"P","S","810","1000","","0000-00-00 00:00:00","0000-00-00 00:00:00"
367,"F","CESSNA","207 TURBINE","C07T",1,"T","S","","","","0000-00-00 00:00:00","0000-00-00 00:00:00"
368,"F","CESSNA","208 CARAVAN","C208",1,"T","S","1400","1400","","0000-00-00 00:00:00","0000-00-00 00:00:00"
369,"F","CESSNA","210 CENTURION","C210",1,"P","S","900","1000","","0000-00-00 00:00:00","0000-00-00 00:00:00"
370,"F","CESSNA","P210 PRESSURIZED CENTURION","P210",1,"P","S","1000","1000","","0000-00-00 00:00:00","0000-00-00 00:00:00"
371,"F","CESSNA","P210 TURBINE","C10T",1,"T","S","","","","0000-00-00 00:00:00","0000-00-00 00:00:00"
372,"F","CESSNA","T303 CRUSADER","C303",2,"P","S","3500","3000","","0000-00-00 00:00:00","0000-00-00 00:00:00"
373,"F","CESSNA","310","C310",2,"P","S","2800","2000","","0000-00-00 00:00:00","0000-00-00 00:00:00"
374,"F","CESSNA","320 SKYNIGHT","C320",2,"P","S","2900","2000","","0000-00-00 00:00:00","0000-00-00 00:00:00"
375,"F","CESSNA","335","C335",2,"P","S","2200","2000","","0000-00-00 00:00:00","0000-00-00 00:00:00"
376,"F","CESSNA","336 SKYMASTER","C336",2,"P","S","1340","1340","","0000-00-00 00:00:00","0000-00-00 00:00:00"
377,"F","CESSNA","337 TURBO SKYMASTER","C337",2,"P","S","1250","1500","","0000-00-00 00:00:00","0000-00-00 00:00:00"
378,"F","CESSNA","P337 PRESSURIZED SKYMASTER","P337",2,"P","S","1250","1500","","0000-00-00 00:00:00","0000-00-00 00:00:00"
379,"F","CESSNA","340","C340",2,"P","S","2900","2000","","0000-00-00 00:00:00","0000-00-00 00:00:00"
380,"F","CESSNA","401-UTILINER 402-BUSNESSLINER","C402",2,"P","S","2500","2000","","0000-00-00 00:00:00","0000-00-00 00:00:00"
381,"F","CESSNA","402 TURBINE","C02T",2,"T","S","","","","0000-00-00 00:00:00","0000-00-00 00:00:00"
382,"F","CESSNA","404 TITAN","C404",2,"P","S","2600","2000","","0000-00-00 00:00:00","0000-00-00 00:00:00"
383,"F","CESSNA","404 TURBINE","C04T",2,"T","S","","","","0000-00-00 00:00:00","0000-00-00 00:00:00"
384,"F","CESSNA","411","C411",2,"P","S","2800","2000","","0000-00-00 00:00:00","0000-00-00 00:00:00"
385,"F","CESSNA","414 CHANCELLOR","C414",2,"P","S","2300","2000","","0000-00-00 00:00:00","0000-00-00 00:00:00"
386,"F","CESSNA","414 CHANCELLOR TURBINE","C14T",2,"T","S","","","","0000-00-00 00:00:00","0000-00-00 00:00:00"
387,"F","CESSNA","421 GOLDEN EAGLE","C421",2,"P","S","2800","2000","","0000-00-00 00:00:00","0000-00-00 00:00:00"
388,"F","CESSNA","421 GOLDEN EAGLE TURBINE","C21T",2,"T","S","","","","0000-00-00 00:00:00","0000-00-00 00:00:00"
389,"F","CESSNA","425 CORSAIR CONQUEST 1","C425",2,"T","S","3500","2500","","0000-00-00 00:00:00","0000-00-00 00:00:00"
390,"F","CESSNA","441 CONQUEST 2","C441",2,"T","S","4200","3000","","0000-00-00 00:00:00","0000-00-00 00:00:00"
391,"F","CESSNA","500 CITATION 1","C500",2,"J","S","3100","3500","","0000-00-00 00:00:00","0000-00-00 00:00:00"
392,"F","CESSNA","501 CITATION 1SP","C501",2,"J","S","4300","3000","","0000-00-00 00:00:00","0000-00-00 00:00:00"
393,"F","CESSNA","525 CITATION JET CJ1","C525",2,"J","S","3000","","","0000-00-00 00:00:00","0000-00-00 00:00:00"
394,"F","CESSNA","525A CITATION CJ2","C25A",2,"J","S","3870","","","0000-00-00 00:00:00","0000-00-00 00:00:00"
395,"F","CESSNA","525B CITATION CJ3","C25B",2,"J","S","","","","0000-00-00 00:00:00","0000-00-00 00:00:00"
396,"F","CESSNA","526 CITATIONJET","C526",2,"J","S","3000","","","0000-00-00 00:00:00","0000-00-00 00:00:00"
397,"F","CESSNA","550 CITATION 2/S2/BRAVO","C550",2,"J","S","5300","3000","","0000-00-00 00:00:00","0000-00-00 00:00:00"
398,"F","CESSNA","551 CITATION S2P","C551",2,"J","S","5300","3000","","0000-00-00 00:00:00","0000-00-00 00:00:00"
399,"F","CESSNA","560 CITATION 5","C560",2,"J","S","6000","3500","","0000-00-00 00:00:00","0000-00-00 00:00:00"
400,"F","CESSNA","650 CITATION 3/6/7","C650",2,"J","S","3900","4000","","0000-00-00 00:00:00","0000-00-00 00:00:00"
401,"F","CESSNA","680 CITATION SOVEREIGN","C680",2,"J","S","","","","0000-00-00 00:00:00","0000-00-00 00:00:00"
402,"F","CESSNA","750 CITATION 10","C750",2,"J","S","3500","3500","","0000-00-00 00:00:00","0000-00-00 00:00:00"
403,"F","CESSNA","AW","CAW",1,"P","S","","","","0000-00-00 00:00:00","0000-00-00 00:00:00"
404,"F","CESSNA","L19 BIRDDOG","O1",1,"P","S","1150","1150","","0000-00-00 00:00:00","0000-00-00 00:00:00"
405,"F","CESSNA","T-37","T37",2,"J","S","3000","3000","","0000-00-00 00:00:00","0000-00-00 00:00:00"
406,"F","CESSNA","T-50 BOBCAT AT-8 AT-17","T50",2,"P","S","","","","0000-00-00 00:00:00","0000-00-00 00:00:00"
407,"F","CESSNA","DC-6","CDC6",1,"P","S","","","","0000-00-00 00:00:00","0000-00-00 00:00:00"
408,"F","CESSNA","C-34/37/38/145/165 AIRMASTER","CMAS",1,"P","S","","","","0000-00-00 00:00:00","0000-00-00 00:00:00"
409,"F","CHRISTEN","A-1 HUSKY","HUSK",1,"P","S","1500","1500","","0000-00-00 00:00:00","0000-00-00 00:00:00"
410,"F","CIRRUS","SR-20","SR20",1,"P","S","","","","0000-00-00 00:00:00","0000-00-00 00:00:00"
411,"F","CIRRUS","SR-22","SR22",1,"P","S","","","","0000-00-00 00:00:00","0000-00-00 00:00:00"
412,"F","CIRRUS","VK-30 CIRRUS","VK3P",1,"P","S","","","","0000-00-00 00:00:00","0000-00-00 00:00:00"
413,"F","EADS CASA","C-212 AVIOCAR","C212",2,"T","S","900","900","","0000-00-00 00:00:00","0000-00-00 00:00:00"
414,"F","CURTISS-WRIGHT","C-46 COMMANDO","C46",2,"P","L","600","700","","0000-00-00 00:00:00","0000-00-00 00:00:00"
415,"F","DASSAULT AVIATION","1150 ALANTIC","ATLA",2,"T","L","","","","0000-00-00 00:00:00","0000-00-00 00:00:00"
416,"F","DASSAULT AVIATION","ALPHA JET","AJET",2,"J","S","","","","0000-00-00 00:00:00","0000-00-00 00:00:00"
417,"F","DASSAULT AVIATION","FALCON 10/100","FA10",2,"J","S","2300","1600","","0000-00-00 00:00:00","0000-00-00 00:00:00"
418,"F","DASSAULT AVIATION","FALCON 20/100","FA20",2,"J","S","2000","2200","","0000-00-00 00:00:00","0000-00-00 00:00:00"
419,"F","DASSAULT AVIATION","FALCON 50","FA50",3,"J","S","1800","1600","","0000-00-00 00:00:00","0000-00-00 00:00:00"
420,"F","DASSAULT AVIATION","FALCON 900","F900",3,"J","L","2000","1700","","0000-00-00 00:00:00","0000-00-00 00:00:00"
421,"F","DASSAULT AVIATION","FALCON 2000","F2TH",2,"J","S","2500","1500","","0000-00-00 00:00:00","0000-00-00 00:00:00"
422,"F","DASSAULT AVIATION","JAGUAR","JAGR",2,"J","S","","","","0000-00-00 00:00:00","0000-00-00 00:00:00"
423,"F","DASSAULT AVIATION","MIRAGE 2000 VAJARA","MIR2",1,"J","S","","","","0000-00-00 00:00:00","0000-00-00 00:00:00"
424,"F","DASSAULT AVIATION","MIRAGE 3/5/50 F-103","MIRA",1,"J","S","","","","0000-00-00 00:00:00","0000-00-00 00:00:00"
425,"F","DASSAULT AVIATION","MIRAGE F1 C-14 CE-14","MRF1",1,"J","S","","","","0000-00-00 00:00:00","0000-00-00 00:00:00"
426,"F","DASSAULT AVIATION","SUPER ETENDARD","ETAR",1,"J","S","","","","0000-00-00 00:00:00","0000-00-00 00:00:00"
427,"F","DEHAVILLAND","DH-106 COMET","COMT",4,"J","L","2900","2000","","0000-00-00 00:00:00","0000-00-00 00:00:00"
428,"F","DEHAVILLAND","DHC-1","DHC1",1,"P","S","900","1000","","0000-00-00 00:00:00","0000-00-00 00:00:00"
429,"F","DEHAVILLAND","DH-2 BEAVER","DHC2",1,"P","S","840","1000","","0000-00-00 00:00:00","0000-00-00 00:00:00"
430,"F","DEHAVILLAND","DH-2 TURBO BEAVER","DH2T",1,"T","S","1220","1000","","0000-00-00 00:00:00","0000-00-00 00:00:00"
431,"F","DEHAVILLAND","DH-3 OTTER","DHC3",1,"P","S","750","1000","","0000-00-00 00:00:00","0000-00-00 00:00:00"
432,"F","DEHAVILLAND","DH-3 TURBO OTTER","DH3T",1,"T","S","","","","0000-00-00 00:00:00","0000-00-00 00:00:00"
433,"F","DEHAVILLAND","DH-4 CARIBOU C-7","DHC4",2,"P","S","1350","1000","","0000-00-00 00:00:00","0000-00-00 00:00:00"
434,"F","DEHAVILLAND","DH-5 C-8 CV-7 C-115","DHC5",2,"T","L","2000","1500","","0000-00-00 00:00:00","0000-00-00 00:00:00"
435,"F","DEHAVILLAND","DH-6 TWIN OTTER","DHC6",2,"T","S","1600","1800","","0000-00-00 00:00:00","0000-00-00 00:00:00"
436,"F","DEHAVILLAND","DH-7 DASH 7","DHC7",4,"T","L","4000","4000","","0000-00-00 00:00:00","0000-00-00 00:00:00"
437,"F","DEHAVILLAND","DASH 8 100","DH8A",2,"T","L","1500","1500","","0000-00-00 00:00:00","0000-00-00 00:00:00"
438,"F","DEHAVILLAND","DASH 8 200","DH8B",2,"T","L","1500","1500","","0000-00-00 00:00:00","0000-00-00 00:00:00"
439,"F","DEHAVILLAND","DASH 8 300","DH8C",2,"T","L","1500","1500","","0000-00-00 00:00:00","0000-00-00 00:00:00"
440,"F","DEHAVILLAND","DASH 8 400","DH8D",2,"T","L","2500","2500","","0000-00-00 00:00:00","0000-00-00 00:00:00"
441,"F","DEHAVILLAND","DH-104 DOVE/SEA DEVON","DOVE",2,"P","S","1420","1420","","0000-00-00 00:00:00","0000-00-00 00:00:00"
442,"F","DEHAVILLAND","DH-114 HERON","HERN",4,"P","S","1075","1075","","0000-00-00 00:00:00","0000-00-00 00:00:00"
443,"F","DIAMOND","DA20/22 DV-20 KANTANA","DV20",1,"P","S","730","","","0000-00-00 00:00:00","0000-00-00 00:00:00"
444,"F","DIAMOND","DA-42 TWINSTAR","DA42",2,"P","S","1500","1500","","0000-00-00 00:00:00","0000-00-00 00:00:00"
445,"F","DORNIER","228","D228",2,"T","S","2000","2000","","0000-00-00 00:00:00","0000-00-00 00:00:00"
446,"F","DORNIER","328","D328",2,"T","S","2000","2000","","0000-00-00 00:00:00","0000-00-00 00:00:00"
447,"F","DORNIER","27","D027",1,"P","S","700","800","","0000-00-00 00:00:00","0000-00-00 00:00:00"
448,"F","DORNIER","Do 28 AGUR","D028",2,"P","S","1500","1500","","0000-00-00 00:00:00","0000-00-00 00:00:00"
449,"F","DORNIER","Do 28/D SKYSERVANT","D28D",2,"P","S","1000","","","0000-00-00 00:00:00","0000-00-00 00:00:00"
450,"F","DORNIER","Do 28/D-6 SKYSERVANT","D28T",2,"T","S","1500","","","0000-00-00 00:00:00","0000-00-00 00:00:00"
451,"F","EMBRAER","CBA-123 VECTOR","VECT",2,"T","S","","","","0000-00-00 00:00:00","0000-00-00 00:00:00"
452,"F","EMBRAER","BANDEIRANTE","E110",2,"T","S","1500","1500","","0000-00-00 00:00:00","0000-00-00 00:00:00"
453,"F","EMBRAER","BRASILIA","E120",2,"T","S","2300","2300","","0000-00-00 00:00:00","0000-00-00 00:00:00"
454,"F","EMBRAER","XINGU","E121",2,"T","S","","","","0000-00-00 00:00:00","0000-00-00 00:00:00"
455,"F","EMBRAER","ERJ-135/140","E135",2,"J","L","2410","2030","","0000-00-00 00:00:00","0000-00-00 00:00:00"
456,"F","EMBRAER","ERJ-145","E145",2,"J","L","2350","2190","","0000-00-00 00:00:00","0000-00-00 00:00:00"
457,"F","EMBRAER","EMB-145XR","E45X",2,"J","L","","","","0000-00-00 00:00:00","0000-00-00 00:00:00"
458,"F","EMBRAER","EMB-170/175","E170",2,"J","L","","","","0000-00-00 00:00:00","0000-00-00 00:00:00"
459,"F","EMBRAER","EMB-190/195","E190",2,"J","L","","","","0000-00-00 00:00:00","0000-00-00 00:00:00"
460,"H","ENSTROM","FALCON/SENTINEL","EN28",1,"P","S","1200","1200","","0000-00-00 00:00:00","0000-00-00 00:00:00"
461,"H","ENSTROM","TURBO SHARK 480","EN48",1,"P","S","1500","1500","","0000-00-00 00:00:00","0000-00-00 00:00:00"
462,"F","EXTRA","200","E200",1,"P","S","1000","1000","","0000-00-00 00:00:00","0000-00-00 00:00:00"
463,"F","EXTRA","230","E230",1,"P","S","1500","1500","","0000-00-00 00:00:00","0000-00-00 00:00:00"
464,"F","EXTRA","300 350","E300",1,"P","S","2500","1500","","0000-00-00 00:00:00","0000-00-00 00:00:00"
465,"F","EXTRA","400","E400",1,"P","S","1500","1500","","0000-00-00 00:00:00","0000-00-00 00:00:00"
466,"F","EXTRA","500","E500",1,"P","S","1800","1800","","0000-00-00 00:00:00","0000-00-00 00:00:00"
467,"F","FAIRCHILD DORNIER","328JET ENVOY 3","J328",2,"J","S","","","","0000-00-00 00:00:00","0000-00-00 00:00:00"
468,"F","FAIRCHILD DORNIER","728JET ENVOY 7","J728",2,"J","L","","","","0000-00-00 00:00:00","0000-00-00 00:00:00"
469,"F","FAIRCHILD","A-10 THUNDERBOLT 2","A10",2,"J","L","6000","5000","","0000-00-00 00:00:00","0000-00-00 00:00:00"
470,"F","FAIRCHILD","C-119 FLYING BOX CAR","C119",2,"P","L","750","750","","0000-00-00 00:00:00","0000-00-00 00:00:00"
471,"F","FAIRCHILD","C-123 PROVIDER","C123",2,"P","L","890","1000","","0000-00-00 00:00:00","0000-00-00 00:00:00"
472,"F","FAIRCHILD","F-27 FH-227","F27",2,"T","L","3000","3000","","0000-00-00 00:00:00","0000-00-00 00:00:00"
473,"F","FAIRCHILD","M-62 T-19 CORNELL","FA62",1,"P","S","650","650","","0000-00-00 00:00:00","0000-00-00 00:00:00"
474,"F","FAIRCHILD","PILATUS PORTER","PC6P",1,"P","S","580","600","","0000-00-00 00:00:00","0000-00-00 00:00:00"
475,"F","FAIRCHILD","PC-6 HELI PORTER","PC6T",1,"T","S","580","580","","0000-00-00 00:00:00","0000-00-00 00:00:00"
476,"F","FAIRCHILD","MERLIN 2","SW2",2,"T","S","2350","2500","","0000-00-00 00:00:00","0000-00-00 00:00:00"
477,"F","FAIRCHILD","SA-226/227TT MERLIN3","SW3",2,"T","S","2350","2500","","0000-00-00 00:00:00","0000-00-00 00:00:00"
478,"F","FAIRCHILD","SA-226/227AC METROLINER","SW4",2,"T","S","2400","2500","","0000-00-00 00:00:00","0000-00-00 00:00:00"
479,"H","FAIRCHILD/REPUBLIC","HELLER UH-12 RAVEN","UH12",1,"P","S","1500","1500","","0000-00-00 00:00:00","0000-00-00 00:00:00"
480,"F","FOKKER","F-27 FRIENDSHIP","F27",2,"T","L","3000","3000","","0000-00-00 00:00:00","0000-00-00 00:00:00"
481,"F","FOKKER","F-28 FELLOWSHIP","F28",2,"J","L","4650","2000","","0000-00-00 00:00:00","0000-00-00 00:00:00"
482,"F","FOKKER","50 MARITIME ENFORCER","F50",2,"T","L","3500","3500","","0000-00-00 00:00:00","0000-00-00 00:00:00"
483,"F","FOKKER","60","F60",2,"T","L","3500","3500","","0000-00-00 00:00:00","0000-00-00 00:00:00"
484,"F","FOKKER","70","F70",2,"J","L","4500","3000","","0000-00-00 00:00:00","0000-00-00 00:00:00"
485,"F","FOKKER","100","F100",2,"J","L","3500","3500","","0000-00-00 00:00:00","0000-00-00 00:00:00"
486,"F","GAF","N2/22/24 NOMAD","NOMA",2,"T","S","1300","1100","","0000-00-00 00:00:00","0000-00-00 00:00:00"
487,"F","GATES LEARJET","LEARJET 23","LJ23",2,"J","S","4500","4000","","0000-00-00 00:00:00","0000-00-00 00:00:00"
488,"F","GATES LEARJET","LEARJET 24","LJ24",2,"J","S","4500","4000","","0000-00-00 00:00:00","0000-00-00 00:00:00"
489,"F","GATES LEARJET","LEARJET 25","LJ25",2,"J","S","4500","4000","","0000-00-00 00:00:00","0000-00-00 00:00:00"
490,"F","GATES LEARJET","LEARJET 28/29","LJ28",2,"J","S","4500","4000","","0000-00-00 00:00:00","0000-00-00 00:00:00"
491,"F","GATES LEARJET","LEARJET 31","LJ31",2,"J","S","4500","4000","","0000-00-00 00:00:00","0000-00-00 00:00:00"
492,"F","GATES LEARJET","LEARJET 35/36","LJ35",2,"J","S","4500","4000","","0000-00-00 00:00:00","0000-00-00 00:00:00"
493,"F","GATES LEARJET","LEARJET 40","LJ40",2,"J","S","","","","0000-00-00 00:00:00","0000-00-00 00:00:00"
494,"F","GATES LEARJET","LEARJET 45","LJ45",2,"J","S","","","","0000-00-00 00:00:00","0000-00-00 00:00:00"
495,"F","GATES LEARJET","LEARJET 55","LJ55",2,"J","S","5000","4000","","0000-00-00 00:00:00","0000-00-00 00:00:00"
496,"F","GATES LEARJET","LEARJET 60","LJ60",2,"J","S","5000","4000","","0000-00-00 00:00:00","0000-00-00 00:00:00"
497,"F","GENERAL DYNAMICS","CANSO CATALINA","CAT",2,"P","S","600","600","","0000-00-00 00:00:00","0000-00-00 00:00:00"
498,"F","GENERAL DYNAMICS","CONVAIR 990","CV99",4,"J","L","2500","2500","","0000-00-00 00:00:00","0000-00-00 00:00:00"
499,"F","GENERAL DYNAMICS","CONVAIR 240/340/440 LINER HC-1","CVLP",2,"T","L","1000","800","","0000-00-00 00:00:00","0000-00-00 00:00:00"
500,"F","GENERAL DYNAMICS","F-111 AARDVARK RAVEN","F111",2,"J","L","5000","5000","","0000-00-00 00:00:00","0000-00-00 00:00:00"
501,"F","GENERAL DYNAMICS","F-16 FIGHTING FALCON","F16",1,"J","L","8000","5000","","0000-00-00 00:00:00","0000-00-00 00:00:00"
502,"F","GENERAL DYNAMICS","F-16XL FIGHTING FALCON","F16X",1,"J","L","","","","0000-00-00 00:00:00","0000-00-00 00:00:00"
503,"F","GENERAL DYNAMICS","VALIANT","VALI",1,"P","S","600","750","","0000-00-00 00:00:00","0000-00-00 00:00:00"
504,"F","GREAT LAKES","2T-1 SPORT TRAINER","G2T1",1,"P","S","1000","800","","0000-00-00 00:00:00","0000-00-00 00:00:00"
505,"F","GROB","G109 RANGER/VIGILANT","G109",1,"P","S","600","600","","0000-00-00 00:00:00","0000-00-00 00:00:00"
506,"F","GROB","G115 A/B/C/D/E BAVARIAN","G115",1,"P","S","1200","1100","","0000-00-00 00:00:00","0000-00-00 00:00:00"
507,"F","GROB","G-120","G120",1,"P","S","1280","","","0000-00-00 00:00:00","0000-00-00 00:00:00"
508,"F","GRUMMAN AERO","A-6 INTRUDER","A6",2,"J","L","7500","5000","","0000-00-00 00:00:00","0000-00-00 00:00:00"
509,"F","GRUMMAN AERO","AA1 LYNX","AA1",1,"P","S","850","1250","","0000-00-00 00:00:00","0000-00-00 00:00:00"
510,"F","GRUMMAN AERO","AA5 CHEETAH TIGER","AA5",1,"P","S","660","1000","","0000-00-00 00:00:00","0000-00-00 00:00:00"
511,"F","GRUMMAN AERO","C-1 TRADER","G96",2,"P","S","","","","0000-00-00 00:00:00","0000-00-00 00:00:00"
512,"F","GRUMMAN AERO","C-2 GREYHOUND","C2",2,"T","L","1000","2200","","0000-00-00 00:00:00","0000-00-00 00:00:00"
513,"F","GRUMMAN AERO","E-2 HAWKEYE","E2",2,"T","L","2690","3000","","0000-00-00 00:00:00","0000-00-00 00:00:00"
514,"F","GRUMMAN AERO","F-3F REPLICA","F3F",1,"P","S","","","","0000-00-00 00:00:00","0000-00-00 00:00:00"
515,"F","GRUMMAN AERO","F-6F HELLCAT","HCAT",1,"P","S","","","","0000-00-00 00:00:00","0000-00-00 00:00:00"
516,"F","GRUMMAN AERO","F-7F TIGERCAT","TCAT",2,"P","S","","","","0000-00-00 00:00:00","0000-00-00 00:00:00"
517,"F","GRUMMAN AERO","F-9F PANTHER","F9F",1,"J","S","","","","0000-00-00 00:00:00","0000-00-00 00:00:00"
518,"F","GRUMMAN AERO","F-14 TOMCAT","F14",2,"J","L","6000","4000","","0000-00-00 00:00:00","0000-00-00 00:00:00"
519,"F","GRUMMAN AERO","G-164 AG CAT","G164",1,"P","S","1500","1500","","0000-00-00 00:00:00","0000-00-00 00:00:00"
520,"F","GRUMMAN AERO","G164 TURBO AG CAT","G64T",1,"T","S","1500","1500","","0000-00-00 00:00:00","0000-00-00 00:00:00"
521,"F","GRUMMAN AERO","G-21 A/38/30 GOOSE","G21",2,"P","S","1000","1000","","0000-00-00 00:00:00","0000-00-00 00:00:00"
522,"F","GRUMMAN AERO","G-44 WIDGEON","G44",2,"P","S","1000","1500","","0000-00-00 00:00:00","0000-00-00 00:00:00"
523,"F","GRUMMAN AERO","G-73 MALLARD","G73T",2,"T","S","1600","1600","","0000-00-00 00:00:00","0000-00-00 00:00:00"
524,"F","GRUMMAN AERO","G-73T TURBO MALLARD","G73T",2,"T","S","","","","0000-00-00 00:00:00","0000-00-00 00:00:00"
525,"F","GRUMMAN AERO","G-1159 GULFSTREAM 2/2B/2SP","GLF2",2,"J","L","5000","4000","","0000-00-00 00:00:00","0000-00-00 00:00:00"
526,"F","GRUMMAN AERO","GA-7 COUGAR","GA7",2,"P","S","1600","1500","","0000-00-00 00:00:00","0000-00-00 00:00:00"
527,"F","GRUMMAN AERO","HU-16 SA-16 ALBATROSS","U16",2,"P","S","1500","1500","","0000-00-00 00:00:00","0000-00-00 00:00:00"
528,"F","GRUMMAN AERO","OV-1 RV-1 AO-1 MOHAWK","V1",2,"T","S","2100","1300","","0000-00-00 00:00:00","0000-00-00 00:00:00"
529,"F","GRUMMAN AERO","S-2","S2F",2,"P","S","","","","0000-00-00 00:00:00","0000-00-00 00:00:00"
530,"F","GRUMMAN AERO","S-2 TURBO TRACKER","S2T",2,"T","S","","","","0000-00-00 00:00:00","0000-00-00 00:00:00"
531,"F","GRUMMAN AERO","X-29","X29",1,"J","S","","","","0000-00-00 00:00:00","0000-00-00 00:00:00"
532,"F","GULFSTREAM","690 COMMANDER 840/900","AC90",2,"T","S","2500","2500","","0000-00-00 00:00:00","0000-00-00 00:00:00"
533,"F","GULFSTREAM","695 COMMANDER 980/1000","AC95",2,"T","S","2500","2500","","0000-00-00 00:00:00","0000-00-00 00:00:00"
534,"F","GULFSTREAM","AA-1 T-CAT LYNX","AA1",1,"P","S","580","1250","","0000-00-00 00:00:00","0000-00-00 00:00:00"
535,"F","GULFSTREAM","AA-5 CHEETAH TIGER","AA5",1,"P","S","850","1250","","0000-00-00 00:00:00","0000-00-00 00:00:00"
536,"F","GULFSTREAM","GAC 159-C GULFSTREAM 1","G159",2,"T","S","2000","2000","","0000-00-00 00:00:00","0000-00-00 00:00:00"
537,"F","GULFSTREAM","G-1159A GULFSTREAM 3","GLF3",2,"J","L","5000","4000","","0000-00-00 00:00:00","0000-00-00 00:00:00"
538,"F","GULFSTREAM","G-1159C GULFSTREAM 4","GLF4",2,"J","L","5000","4000","","0000-00-00 00:00:00","0000-00-00 00:00:00"
539,"F","GULFSTREAM","G-1159D GULFSTREAM 5","GLF5",2,"J","L","5000","4000","","0000-00-00 00:00:00","0000-00-00 00:00:00"
540,"F","HAMILTON","WESTWIND 2/3","BE18",2,"T","S","2000","2000","","0000-00-00 00:00:00","0000-00-00 00:00:00"
541,"F","HANDLEY PAGE","HP-137 JETSTREAM 1","JS1",2,"T","S","2200","2200","","0000-00-00 00:00:00","0000-00-00 00:00:00"
542,"F","HANDLEY PAGE","HP-137 JETSTREAM 200","JS20",2,"T","S","2200","2200","","0000-00-00 00:00:00","0000-00-00 00:00:00"
543,"F","HELIO AIRCRAFT","H-391 COURIER","COUR",1,"P","S","850","1000","","0000-00-00 00:00:00","0000-00-00 00:00:00"
544,"F","HELIO AIRCRAFT","HST-550 STALLION (AU-24)","STLN",1,"T","S","2200","2200","","0000-00-00 00:00:00","0000-00-00 00:00:00"
545,"F","HELIO AIRCRAFT","H-500 TWIN COURIER (U-5)","TCOU",2,"P","S","1250","1250","","0000-00-00 00:00:00","0000-00-00 00:00:00"
546,"F","HFB","HFB-320 HANSA","HF20",2,"J","S","4500","4500","","0000-00-00 00:00:00","0000-00-00 00:00:00"
547,"F","HOWARD","250 350","L18",2,"P","L","1800","2000","","0000-00-00 00:00:00","0000-00-00 00:00:00"
548,"F","IAI","101 AVARA 102/201/202","ARVA",2,"T","S","1300","1000","","0000-00-00 00:00:00","0000-00-00 00:00:00"
549,"F","IAI","1123 WESTWIND","WW23",2,"J","S","4000","3500","","0000-00-00 00:00:00","0000-00-00 00:00:00"
550,"F","IAI","1124 WESTWIND","WW24",2,"J","S","4000","3500","","0000-00-00 00:00:00","0000-00-00 00:00:00"
551,"F","IAI","1125 GULFSTREAM 100 (C-38)","ASTR",2,"J","S","4000","3500","","0000-00-00 00:00:00","0000-00-00 00:00:00"
552,"F","IAI","1126 GULFSTREAM 200","GALX",2,"J","S","","","","0000-00-00 00:00:00","0000-00-00 00:00:00"
553,"F","NORD","SV-4","SV4",1,"P","S","","","","0000-00-00 00:00:00","0000-00-00 00:00:00"
554,"F","NORTHROP","B-2 SPIRIT","B2",4,"J","H","","","","0000-00-00 00:00:00","0000-00-00 00:00:00"
555,"F","NORTHROP","C-125 RAIDER","C125",3,"P","L","","","","0000-00-00 00:00:00","0000-00-00 00:00:00"
556,"F","NORTHROP","E-2 HAWKEYE","E2",2,"T","L","2690","3000","","0000-00-00 00:00:00","0000-00-00 00:00:00"
557,"F","NORTHROP","F-5 FREEDON FIGHTER","F5",2,"J","S","8000","5000","","0000-00-00 00:00:00","0000-00-00 00:00:00"
558,"F","NORTHROP","P-61 BLACK WIDOW","P61",2,"P","S","","","","0000-00-00 00:00:00","0000-00-00 00:00:00"
559,"F","NORTHROP","T-38 AT-38 TALON","T38",2,"J","S","8000","5000","","0000-00-00 00:00:00","0000-00-00 00:00:00"
560,"F","PARTENAVIA","AP-68TP-300 SPARTACUS","P68T",2,"T","S","1500","1500","","0000-00-00 00:00:00","0000-00-00 00:00:00"
561,"F","PARTENAVIA","AP-68TP-600 VIATOR","VTOR",2,"T","S","1500","1500","","0000-00-00 00:00:00","0000-00-00 00:00:00"
562,"F","PARTENAVIA","P-57 FACHIRO 2","P57",1,"P","S","","","","0000-00-00 00:00:00","0000-00-00 00:00:00"
563,"F","PARTENAVIA","P-64/66 OSCAR CHARLIE","OSCR",1,"P","S","800","1000","","0000-00-00 00:00:00","0000-00-00 00:00:00"
564,"F","PARTENAVIA","P68 VICTOR","P68",2,"P","S","1200","1000","","0000-00-00 00:00:00","0000-00-00 00:00:00"
565,"F","PIAGGIO","P-136","P136",2,"P","S","1250","1500","","0000-00-00 00:00:00","0000-00-00 00:00:00"
566,"F","PIAGGIO","P-148","P148",1,"P","S","","","","0000-00-00 00:00:00","0000-00-00 00:00:00"
567,"F","PIAGGIO","P-149","P149",1,"P","S","","","","0000-00-00 00:00:00","0000-00-00 00:00:00"
568,"F","PIAGGIO","PORTOFINO P-166A ALBATRO","P66P",2,"P","S","1350","1500","","0000-00-00 00:00:00","0000-00-00 00:00:00"
569,"F","PIAGGIO","P-166D","P66T",2,"T","S","","","","0000-00-00 00:00:00","0000-00-00 00:00:00"
570,"F","PIAGGIO","P-180 AVANTI","P180",2,"T","S","","","","0000-00-00 00:00:00","0000-00-00 00:00:00"
571,"F","PIAGGIO","PD-808","P808",2,"J","S","4000","3500","","0000-00-00 00:00:00","0000-00-00 00:00:00"
572,"F","PILATUS","P2","PP2",1,"P","S","","","","0000-00-00 00:00:00","0000-00-00 00:00:00"
573,"F","PILATUS","P3","PP3",1,"P","S","","","","0000-00-00 00:00:00","0000-00-00 00:00:00"
574,"F","PILATUS","PC-6 PORTER","PC6P",1,"P","S","600","600","","0000-00-00 00:00:00","0000-00-00 00:00:00"
575,"F","PILATUS","PC-6A/B/C TURBO PORTER","PC6T",1,"T","S","1250","1500","","0000-00-00 00:00:00","0000-00-00 00:00:00"
576,"F","PILATUS","PC-7 TURBO TRAINER","PC7",1,"T","S","2800","","","0000-00-00 00:00:00","0000-00-00 00:00:00"
577,"F","PILATUS","PC-9 HUDURNIK","PC9",1,"T","S","","","","0000-00-00 00:00:00","0000-00-00 00:00:00"
578,"F","PILATUS","PC-12 EAGLE","PC12",1,"T","S","1900","","","0000-00-00 00:00:00","0000-00-00 00:00:00"
579,"F","PIPER","AP-60 AEROSTAR","AEST",2,"P","S","1500","1500","","0000-00-00 00:00:00","0000-00-00 00:00:00"
580,"F","PIPER","J-2 CUB","J2",1,"P","S","500","500","","0000-00-00 00:00:00","0000-00-00 00:00:00"
581,"F","PIPER","J-3 CUB","J3",1,"P","S","500","500","","0000-00-00 00:00:00","0000-00-00 00:00:00"
582,"F","PIPER","J-4 CUB COUPE","J4",1,"P","S","500","500","","0000-00-00 00:00:00","0000-00-00 00:00:00"
583,"F","PIPER","J-5 CUB CRUISER","J5",1,"P","S","500","500","","0000-00-00 00:00:00","0000-00-00 00:00:00"
584,"F","PIPER","PA-11 CUB SPECIAL","PA11",1,"P","S","500","500","","0000-00-00 00:00:00","0000-00-00 00:00:00"
585,"F","PIPER","PA-12 SUPER CRUISER","PA12",1,"P","S","600","600","","0000-00-00 00:00:00","0000-00-00 00:00:00"
586,"F","PIPER","PA-14 FAMILY CRUISER","PA14",1,"P","S","600","600","","0000-00-00 00:00:00","0000-00-00 00:00:00"
587,"F","PIPER","PA-15 VAGABOND","PA15",1,"P","S","500","500","","0000-00-00 00:00:00","0000-00-00 00:00:00"
588,"F","PIPER","PA-16 CLIPPER","PA16",1,"P","S","500","500","","0000-00-00 00:00:00","0000-00-00 00:00:00"
589,"F","PIPER","PA-17 VAGABOND","PA17",1,"P","S","500","500","","0000-00-00 00:00:00","0000-00-00 00:00:00"
590,"F","PIPER","PA-18 SUPER CUB","PA18",1,"P","S","1000","1000","","0000-00-00 00:00:00","0000-00-00 00:00:00"
591,"F","PIPER","PA-20 PACER","PA20",1,"P","S","850","1000","","0000-00-00 00:00:00","0000-00-00 00:00:00"
592,"F","PIPER","PA-22 TRI PACER/CARIBBEAN","PA22",1,"P","S","1000","1000","","0000-00-00 00:00:00","0000-00-00 00:00:00"
593,"F","PIPER","PA-23-150/160 APACHE","PA23",2,"P","S","1050","1000","","0000-00-00 00:00:00","0000-00-00 00:00:00"
594,"F","PIPER","PA-24 COMMANCHE","PA24",1,"P","S","900","1000","","0000-00-00 00:00:00","0000-00-00 00:00:00"
595,"F","PIPER","PA-25 PAWNEE","PA25",1,"P","S","650","650","","0000-00-00 00:00:00","0000-00-00 00:00:00"
596,"F","PIPER","PA-23-235/250 AZTEC","PA27",2,"P","S","1500","1500","","0000-00-00 00:00:00","0000-00-00 00:00:00"
597,"F","PIPER","PA-28 CHEROKEE ARCHER","PA28",1,"P","S","750","1000","","0000-00-00 00:00:00","0000-00-00 00:00:00"
726,"F","TUPOLEV","TU-134","T134",NULL,NULL,NULL,NULL,NULL,NULL,"0000-00-00 00:00:00","0000-00-00 00:00:00"
725,"F","PIPER","PA-28 CHEROKEE ARCHER","P28A",NULL,NULL,NULL,NULL,NULL,NULL,"0000-00-00 00:00:00","0000-00-00 00:00:00"
724,"F","PIPER","PA-28R-201 ARROW","P28R",NULL,NULL,NULL,NULL,NULL,NULL,"0000-00-00 00:00:00","0000-00-00 00:00:00"
601,"F","PIPER","PA-30/39 TWIN COMMANCHE","PA20",2,"P","S","1500","1500","","0000-00-00 00:00:00","0000-00-00 00:00:00"
602,"F","PIPER","PA-31/31P NAVAJO CHIEFTAIN","PA31",2,"P","S","1500","1500","","0000-00-00 00:00:00","0000-00-00 00:00:00"
603,"F","PIPER","PA-32 SARATOGA","PA32",1,"P","S","850","1000","","0000-00-00 00:00:00","0000-00-00 00:00:00"
604,"F","PIPER","PA-32R LANCE SARATOGA","PA32",1,"P","S","850","1000","","0000-00-00 00:00:00","0000-00-00 00:00:00"
605,"F","PIPER","PA-32RT TURBO LANCE","PA32",1,"P","S","850","1000","","0000-00-00 00:00:00","0000-00-00 00:00:00"
606,"F","PIPER","PA-34 SENECA","PA34",2,"P","S","1300","1300","","0000-00-00 00:00:00","0000-00-00 00:00:00"
607,"F","PIPER","PA-36 PAWNEE BRAVE","PA36",1,"P","S","800","1000","","0000-00-00 00:00:00","0000-00-00 00:00:00"
608,"F","PIPER","PA-38 TOMAHAWK","PA38",1,"P","S","750","750","","0000-00-00 00:00:00","0000-00-00 00:00:00"
609,"F","PIPER","PA-44 SEMINOLE","PA44",2,"P","S","1100","1000","","0000-00-00 00:00:00","0000-00-00 00:00:00"
610,"F","PIPER","PA-46-310/350P MALIBU MIRAGE","PA46",1,"P","S","1000","1000","","0000-00-00 00:00:00","0000-00-00 00:00:00"
611,"F","PIPER","PA-46-500TP MALIBU MERIDIAN","P46T",1,"T","S","1500","1500","","0000-00-00 00:00:00","0000-00-00 00:00:00"
612,"F","PIPER","PA-31T3-500 T-140","PAT4",1,"P","S","1300","1200","","0000-00-00 00:00:00","0000-00-00 00:00:00"
613,"F","PIPER","PA-31T1-500 CHEYENNE 1","PAY1",2,"T","S","2200","2000","","0000-00-00 00:00:00","0000-00-00 00:00:00"
614,"F","PIPER","PA-31T-620 CHEYENNE 2","PAY2",2,"T","S","2400","2000","","0000-00-00 00:00:00","0000-00-00 00:00:00"
615,"F","PIPER","PA-42-720 CHEYENNE 3","PAY3",2,"T","S","2400","2000","","0000-00-00 00:00:00","0000-00-00 00:00:00"
616,"F","PIPER","PA-42-1000 CHEYENNE 400","PAY4",2,"T","S","2500","2000","","0000-00-00 00:00:00","0000-00-00 00:00:00"
617,"F","PIPER","PA-28R-300 PILLAN","PILL",1,"P","S","750","1000","","0000-00-00 00:00:00","0000-00-00 00:00:00"
618,"F","PIPER","108 VOYAGER","S108",1,"P","S","800","800","","0000-00-00 00:00:00","0000-00-00 00:00:00"
619,"F","PITTS","S-1 SPECIAL","PTS1",1,"P","S","1500","1500","","0000-00-00 00:00:00","0000-00-00 00:00:00"
620,"F","PITTS","S-1-11 SUPER STINKER","PTSS",1,"P","S","","","","0000-00-00 00:00:00","0000-00-00 00:00:00"
621,"F","PITTS","S-2 SPECIAL","PTS2",1,"P","S","1500","1500","","0000-00-00 00:00:00","0000-00-00 00:00:00"
622,"F","PITTS","S-12 MACHO STINKER","PTMS",1,"P","S","","","","0000-00-00 00:00:00","0000-00-00 00:00:00"
623,"F","ROBIN","R-1180 AIGLON","R100",1,"P","S","","","","0000-00-00 00:00:00","0000-00-00 00:00:00"
624,"F","ROBIN","R-2100/2112/2120/2160","R200",1,"P","S","","","","0000-00-00 00:00:00","0000-00-00 00:00:00"
625,"F","ROBIN","R-300","R300",1,"P","S","","","","0000-00-00 00:00:00","0000-00-00 00:00:00"
626,"H","ROBINSON","R22","R22",1,"P","S","800","800","","0000-00-00 00:00:00","0000-00-00 00:00:00"
627,"F","ROCKWELL","100 COMMANDER","VO10",1,"P","S","850","850","","0000-00-00 00:00:00","0000-00-00 00:00:00"
628,"F","ROCKWELL","112 COMMANDER","AC11",1,"P","S","1000","1200","","0000-00-00 00:00:00","0000-00-00 00:00:00"
629,"F","ROCKWELL","200 COMMANDER","M200",1,"P","S","1400","1000","","0000-00-00 00:00:00","0000-00-00 00:00:00"
630,"F","ROCKWELL","500 SHRIKE COMMANDER","AC50",2,"P","S","1340","1500","","0000-00-00 00:00:00","0000-00-00 00:00:00"
631,"F","ROCKWELL","COMMANDER 520","AC52",2,"P","S","1340","1500","","0000-00-00 00:00:00","0000-00-00 00:00:00"
632,"F","ROCKWELL","560 COMMANDER","AC56",2,"P","S","1400","1500","","0000-00-00 00:00:00","0000-00-00 00:00:00"
633,"F","ROCKWELL","680F/680FP COMMANDER","AC68",2,"P","S","1375","1375","","0000-00-00 00:00:00","0000-00-00 00:00:00"
634,"F","ROCKWELL","680FL GRAND COMMANDER","AC6L",2,"P","S","1250","1250","","0000-00-00 00:00:00","0000-00-00 00:00:00"
635,"F","ROCKWELL","720 ALTI-CRUISER","AC72",2,"P","S","1300","1300","","0000-00-00 00:00:00","0000-00-00 00:00:00"
636,"F","ROCKWELL","680T/680V TURBO COMMANDER","AC80",2,"T","S","2000","1500","","0000-00-00 00:00:00","0000-00-00 00:00:00"
637,"F","ROCKWELL","690 TURBO COMMANDER","AC90",2,"T","S","2500","2500","","0000-00-00 00:00:00","0000-00-00 00:00:00"
638,"F","ROCKWELL","695 JETPROP COMMANDER 980","AC95",2,"P","S","2500","2500","","0000-00-00 00:00:00","0000-00-00 00:00:00"
639,"F","ROCKWELL","700/710 COMMANDER","RC70",2,"P","S","","","","0000-00-00 00:00:00","0000-00-00 00:00:00"
640,"F","ROCKWELL","AC-130 SPECTRE","C130",4,"T","L","1500","1500","","0000-00-00 00:00:00","0000-00-00 00:00:00"
641,"F","ROCKWELL","B-1 LANCER","B1",4,"J","H","3000","5000","","0000-00-00 00:00:00","0000-00-00 00:00:00"
642,"F","ROCKWELL","FR-06 FANRANGER","R2TH",1,"J","S","","","","0000-00-00 00:00:00","0000-00-00 00:00:00"
643,"F","ROCKWELL","MITCHELL","B25",2,"P","L","980","980","","0000-00-00 00:00:00","0000-00-00 00:00:00"
644,"F","ROCKWELL","JET COMMANDER 1121","JCOM",2,"J","S","5000","4500","","0000-00-00 00:00:00","0000-00-00 00:00:00"
645,"F","ROCKWELL","LARK 100 COMMANDER","LARK",1,"P","S","700","1000","","0000-00-00 00:00:00","0000-00-00 00:00:00"
646,"F","ROCKWELL","NAVION NA 145/154","NAVI",1,"P","S","750","600","","0000-00-00 00:00:00","0000-00-00 00:00:00"
647,"F","ROCKWELL","MUSTANG","P51",1,"P","S","2500","2500","","0000-00-00 00:00:00","0000-00-00 00:00:00"
648,"F","ROCKWELL","NA-265 SABRE","SBR1",2,"J","S","4000","3500","","0000-00-00 00:00:00","0000-00-00 00:00:00"
649,"F","ROCKWELL","NA-265 SABRE","SBR2",2,"J","S","","","","0000-00-00 00:00:00","0000-00-00 00:00:00"
650,"F","ROCKWELL","OV-10 BRONCO","V10",2,"T","S","2000","2500","","0000-00-00 00:00:00","0000-00-00 00:00:00"
651,"F","ROCKWELL","S-2 THRUSH COMMANDER","SS2P",1,"P","S","","","","0000-00-00 00:00:00","0000-00-00 00:00:00"
652,"F","ROCKWELL","F-100 SUPER SABRE","SSAB",1,"J","L","4000","4000","","0000-00-00 00:00:00","0000-00-00 00:00:00"
653,"F","ROCKWELL","T-2 BUCKEYE","T2",2,"J","L","5700","6000","","0000-00-00 00:00:00","0000-00-00 00:00:00"
654,"F","ROCKWELL","TROJAN/NOMAIR/NOMAD","T28",1,"P","S","2500","2500","","0000-00-00 00:00:00","0000-00-00 00:00:00"
655,"F","ROCKWELL","T-6 TEXAN","T6",1,"P","S","800","800","","0000-00-00 00:00:00","0000-00-00 00:00:00"
656,"F","ROCKWELL","X-31","X31",1,"J","S","","","","0000-00-00 00:00:00","0000-00-00 00:00:00"
657,"F","RUSCHMEYER","R-90-230FG","R90F",1,"P","S","1000","1000","","0000-00-00 00:00:00","0000-00-00 00:00:00"
658,"F","RUSCHMEYER","R-90-230RG MF-85","R90R",1,"P","S","1000","1000","","0000-00-00 00:00:00","0000-00-00 00:00:00"
659,"F","RUSCHMEYER","R-90-420AT","R90T",1,"T","S","1100","1100","","0000-00-00 00:00:00","0000-00-00 00:00:00"
660,"F","SAAB","29 (J29)","SB29",1,"J","S","","","","0000-00-00 00:00:00","0000-00-00 00:00:00"
661,"F","SAAB","32 LANSEN","SB32",1,"J","S","","","","0000-00-00 00:00:00","0000-00-00 00:00:00"
662,"F","SAAB","32 DRAKEN","SB35",1,"J","S","","","","0000-00-00 00:00:00","0000-00-00 00:00:00"
663,"F","SAAB","37 VIGGEN","SB37",1,"J","S","","","","0000-00-00 00:00:00","0000-00-00 00:00:00"
664,"F","SAAB","39 GRIPEN","SB39",1,"J","S","","","","0000-00-00 00:00:00","0000-00-00 00:00:00"
665,"F","SAAB","91 SAFIR","SB91",1,"J","S","","","","0000-00-00 00:00:00","0000-00-00 00:00:00"
666,"F","SAAB","105","SB05",2,"J","S","","","","0000-00-00 00:00:00","0000-00-00 00:00:00"
667,"F","SAAB","340","SF34",2,"T","L","2000","2000","","0000-00-00 00:00:00","0000-00-00 00:00:00"
668,"F","SAAB","2000","SB20",2,"T","L","","","","0000-00-00 00:00:00","0000-00-00 00:00:00"
669,"F","SAAB","MFI-15/17 SAFARI","MF17",1,"P","S","","","","0000-00-00 00:00:00","0000-00-00 00:00:00"
670,"F","SHORTS","330 SHERPA","SH33",2,"T","S","1380","1380","","0000-00-00 00:00:00","0000-00-00 00:00:00"
671,"F","SHORTS","360 SD3-60","SH36",2,"T","S","1400","1400","","0000-00-00 00:00:00","0000-00-00 00:00:00"
672,"F","SHORTS","SC-5 BELFAST","BELF",4,"T","L","","","","0000-00-00 00:00:00","0000-00-00 00:00:00"
673,"F","SHORTS","SC7 SKYVAN/SKYLINER","SC7",2,"T","S","1500","1500","","0000-00-00 00:00:00","0000-00-00 00:00:00"
674,"F","SILVAIRE","8 SILVIAIRE","L8",1,"P","S","900","1000","","0000-00-00 00:00:00","0000-00-00 00:00:00"
675,"F","STINSON","VOYAGER","S10",1,"P","S","750","1000","","0000-00-00 00:00:00","0000-00-00 00:00:00"
676,"F","STINSON","108 VOYAGER","S108",1,"P","S","750","100","","0000-00-00 00:00:00","0000-00-00 00:00:00"
677,"F","STINSON","L-5 U-19 OY SENTENEL","L5",1,"P","S","750","750","","0000-00-00 00:00:00","0000-00-00 00:00:00"
678,"F","STINSON","SR V-77 RELIANT (AT-19)","RELI",1,"P","S","700","700","","0000-00-00 00:00:00","0000-00-00 00:00:00"
679,"H","SCHWEIZER","MODEL 269C/200/280","H269",1,"P","S","1000","1000","","0000-00-00 00:00:00","0000-00-00 00:00:00"
680,"H","SCHWEIZER","269D/330/333","S330",1,"T","S","","","","0000-00-00 00:00:00","0000-00-00 00:00:00"
681,"H","SIKORSKY","BLACKHAWK","H60",2,"T","S","2000","2000","","0000-00-00 00:00:00","0000-00-00 00:00:00"
682,"H","SIKORSKY","CHICKASAW","S55P",1,"P","S","800","1000","","0000-00-00 00:00:00","0000-00-00 00:00:00"
683,"H","SIKORSKY","CHOCTAW/SEASHORE","S58P",1,"P","S","1120","1120","","0000-00-00 00:00:00","0000-00-00 00:00:00"
684,"H","SIKORSKY","MODEL S-51","S51",1,"P","L","1000","1000","","0000-00-00 00:00:00","0000-00-00 00:00:00"
685,"H","SIKORSKY","MODEL S-52 HUMMINGBIRD","S52",1,"P","L","950","1000","","0000-00-00 00:00:00","0000-00-00 00:00:00"
686,"H","SIKORSKY","MODEL S-62","S62",1,"T","S","1020","1000","","0000-00-00 00:00:00","0000-00-00 00:00:00"
687,"H","SIKORSKY","MODEL S-76 SPIRIT/EAGLE","S76",2,"T","S","1300","1300","","0000-00-00 00:00:00","0000-00-00 00:00:00"
688,"H","SIKORSKY","S-61R PELICAN","S61R",2,"T","L","1500","1500","","0000-00-00 00:00:00","0000-00-00 00:00:00"
689,"H","SIKORSKY","S-61A/B/D/L/N SEA-KING","S61",2,"T","L","1500","1500","","0000-00-00 00:00:00","0000-00-00 00:00:00"
690,"H","SIKORSKY","SEA STALLION S-65/YASUR","H53",2,"T","L","1500","1500","","0000-00-00 00:00:00","0000-00-00 00:00:00"
691,"H","SIKORSKY","SKYCRANE S-64E/F","S64",2,"T","L","1300","1300","","0000-00-00 00:00:00","0000-00-00 00:00:00"
692,"F","TAYLORCRAFT","15 TOURIST/FOURSOM","TA15",1,"P","S","800","1000","","0000-00-00 00:00:00","0000-00-00 00:00:00"
693,"F","TAYLORCRAFT","19 SPORTSMAN","TF19",1,"P","S","800","1000","","0000-00-00 00:00:00","0000-00-00 00:00:00"
694,"F","TAYLORCRAFT","20 RANCHWAGON","TA20",1,"P","S","1000","1000","","0000-00-00 00:00:00","0000-00-00 00:00:00"
695,"F","TAYLORCRAFT","A","TAYA",1,"P","S","","","","0000-00-00 00:00:00","0000-00-00 00:00:00"
696,"F","TAYLORCRAFT","ACE/SPORTSMAN/TRAVELLER","TAYB",1,"P","S","","","","0000-00-00 00:00:00","0000-00-00 00:00:00"
697,"F","TAYLORCRAFT","DC/DCO/DF/DL","TAYD",1,"P","S","","","","0000-00-00 00:00:00","0000-00-00 00:00:00"
698,"F","TAYLORCRAFT","F-21","TF21",1,"P","S","1100","1100","","0000-00-00 00:00:00","0000-00-00 00:00:00"
699,"F","TAYLORCRAFT","F-22 CLASSIC/TRI-CLASSIC","TF22",1,"P","S","875","","","0000-00-00 00:00:00","0000-00-00 00:00:00"
700,"F","TED SMITH AERO","AERO STAR","AEST",2,"P","S","1800","1500","","0000-00-00 00:00:00","0000-00-00 00:00:00"
701,"F","VFW-FOKKER","VFW 614","VF14",2,"J","L","3100","3000","","0000-00-00 00:00:00","0000-00-00 00:00:00"
702,"F","VOUGHT","A-7 TA-7 CORSAIR","A7",1,"J","L","8000","6000","","0000-00-00 00:00:00","0000-00-00 00:00:00"
703,"F","VOUGHT","SWIFT","GC1",1,"P","S","1000","1000","","0000-00-00 00:00:00","0000-00-00 00:00:00"
704,"H","WESTLAND","WG30","WG30",2,"T","S","1200","1200","","0000-00-00 00:00:00","0000-00-00 00:00:00"
705,"F","YAKOVLEV","YAK-40","YK40",3,"J","S","","","","0000-00-00 00:00:00","0000-00-00 00:00:00"
706,"F","ZENAIR","CH-600/601 ZODIAC","CH60",1,"P","S","","","","0000-00-00 00:00:00","0000-00-00 00:00:00"
707,"F","ZENAIR","CH-620 GEMINI","CH62",2,"P","S","","","","0000-00-00 00:00:00","0000-00-00 00:00:00"
708,"F","ZENAIR","CH-801 STOL","CH80",1,"P","S","","","","0000-00-00 00:00:00","0000-00-00 00:00:00"
709,"F","ZENAIR","CH2000 ZENITH","CH2T",1,"P","S","780","","","0000-00-00 00:00:00","0000-00-00 00:00:00"
710,"F","BOEING","747","B747",4,"J","L",NULL,NULL,NULL,"0000-00-00 00:00:00","0000-00-00 00:00:00"
711,"F","AÉROSPATIALE-BAC","CONCORDE","CONC",4,"J","L",NULL,NULL,NULL,"0000-00-00 00:00:00","0000-00-00 00:00:00"
712,"H","BELL TEXTRON","MODEL 412","B412",2,"T","S",NULL,NULL,NULL,"0000-00-00 00:00:00","0000-00-00 00:00:00"
713,"F","CIRRUS","THE-JET","SRJT",1,"J","S",NULL,NULL,NULL,"0000-00-00 00:00:00","0000-00-00 00:00:00"
714,"F","COLUMBIA","400","COL4",1,"P",NULL,NULL,NULL,NULL,"0000-00-00 00:00:00","0000-00-00 00:00:00"
715,"F","DASSAULT AVIATION","Mercure","DA01",2,"J",NULL,NULL,NULL,NULL,"0000-00-00 00:00:00","0000-00-00 00:00:00"
716,"F","Yakovlev","Yak-42","YK42",3,"J",NULL,NULL,NULL,NULL,"0000-00-00 00:00:00","0000-00-00 00:00:00"
717,"F","TUPOLEV","TU-154","T154",3,"J","M",NULL,NULL,NULL,"0000-00-00 00:00:00","0000-00-00 00:00:00"
718,"F","COLUMBIA","350","COL3",1,"P",NULL,NULL,NULL,NULL,"0000-00-00 00:00:00","0000-00-00 00:00:00"
719,"F","AIRBUS","A380-800","A388",4,"J","H",NULL,NULL,NULL,"0000-00-00 00:00:00","0000-00-00 00:00:00"
720,"F","ECLIPSE","500","EA50",2,"J",NULL,NULL,NULL,NULL,"0000-00-00 00:00:00","0000-00-00 00:00:00"
721,"F","Cessna","Citation Excel","C56X",2,"J",NULL,NULL,NULL,NULL,"0000-00-00 00:00:00","0000-00-00 00:00:00"
723,"F","CESSNA","510 CITATION MUSTANG","C510",NULL,NULL,NULL,NULL,NULL,NULL,"0000-00-00 00:00:00","0000-00-00 00:00:00"
727,"H","EUROCOPTER","EC-135","EC35",NULL,NULL,NULL,NULL,NULL,NULL,"0000-00-00 00:00:00","0000-00-00 00:00:00"
728,"H","AÉROSPATIALE","AS-365 DAUPHIN","AS65",NULL,NULL,NULL,NULL,NULL,NULL,"0000-00-00 00:00:00","0000-00-00 00:00:00"
729,"F","ANTONOV","AN-24","AN24",NULL,NULL,NULL,NULL,NULL,NULL,"0000-00-00 00:00:00","0000-00-00 00:00:00"
730,"F","ANTONOV","AN-225 MRYIA","A225",NULL,NULL,NULL,NULL,NULL,NULL,"0000-00-00 00:00:00","0000-00-00 00:00:00"
731,"F","NEIVA","UNIVERSAL","UNIV",0,NULL,NULL,NULL,NULL,NULL,"0000-00-00 00:00:00","0000-00-00 00:00:00"
732,"F","LET KUNOVICE","L-410 TURBOLET","L410",NULL,NULL,NULL,NULL,NULL,NULL,"0000-00-00 00:00:00","0000-00-00 00:00:00"
733,"F","PIPER","PA-30 TWIN COMANCHE","PA30",NULL,NULL,NULL,NULL,NULL,NULL,"0000-00-00 00:00:00","0000-00-00 00:00:00"
734,"F","MCDONNELL-DOUGLAS","MD-80","MD80",NULL,NULL,NULL,NULL,NULL,NULL,"0000-00-00 00:00:00","0000-00-00 00:00:00"
735,"F","EUROCOPTER","EC-120 COLIBRI","EC20",NULL,NULL,NULL,NULL,NULL,NULL,"0000-00-00 00:00:00","0000-00-00 00:00:00"
736,"F","AIRBUS","A330","A330",NULL,NULL,NULL,NULL,NULL,NULL,"0000-00-00 00:00:00","0000-00-00 00:00:00"
737,"F","AIRBUS","A340","A340",NULL,NULL,NULL,NULL,NULL,NULL,"0000-00-00 00:00:00","0000-00-00 00:00:00"
738,"F","BOEING","777","B777",NULL,NULL,NULL,NULL,NULL,NULL,"0000-00-00 00:00:00","0000-00-00 00:00:00"
739,"H","ROBIN","DR-400","DR40",NULL,NULL,NULL,NULL,NULL,NULL,"0000-00-00 00:00:00","0000-00-00 00:00:00"
740,"H","SIKORSKY","SUPER STALLION","H53S",NULL,NULL,NULL,NULL,NULL,NULL,"0000-00-00 00:00:00","0000-00-00 00:00:00"
741,"F","EUROFIGHTER","TYPHOON","EUFI",NULL,NULL,NULL,NULL,NULL,NULL,"0000-00-00 00:00:00","0000-00-00 00:00:00"
742,"","MBB/KAWASAKI","BK 117","BK17",NULL,NULL,NULL,NULL,NULL,NULL,"0000-00-00 00:00:00","0000-00-00 00:00:00"
743,"F","DORNIER","DO-27","DO27",NULL,NULL,NULL,NULL,NULL,NULL,"0000-00-00 00:00:00","0000-00-00 00:00:00"
744,"H","MIL","MI-8","MI8",NULL,NULL,NULL,NULL,NULL,NULL,"0000-00-00 00:00:00","0000-00-00 00:00:00"
745,"H","ROBINSON","R44","R44",0,NULL,NULL,NULL,NULL,NULL,"0000-00-00 00:00:00","0000-00-00 00:00:00"
746,"F","EMBRAER","EMB-314 SUPER TUCANO","E314",NULL,NULL,NULL,NULL,NULL,NULL,"0000-00-00 00:00:00","0000-00-00 00:00:00"
747,"F","ANTONOV","An-148","A148",2,"J",NULL,NULL,NULL,NULL,"0000-00-00 00:00:00","0000-00-00 00:00:00"
748,"F","BOEING","777-200LR","B77L",NULL,NULL,NULL,NULL,NULL,NULL,"0000-00-00 00:00:00","0000-00-00 00:00:00"
749,"F","BOEING","777-300ER","B77W",NULL,NULL,NULL,NULL,NULL,NULL,"0000-00-00 00:00:00","0000-00-00 00:00:00"
750,"F","QUEST","Kodiak","KODI",1,NULL,NULL,NULL,NULL,NULL,"0000-00-00 00:00:00","0000-00-00 00:00:00"
751,"F","BEECH AIRCRAFT","Royal Turbine Duke","B60T",2,NULL,NULL,NULL,NULL,NULL,"0000-00-00 00:00:00","0000-00-00 00:00:00"
752,"F","Aerospool","WT-9 Dynamic","WT9",NULL,NULL,NULL,NULL,NULL,NULL,"0000-00-00 00:00:00","0000-00-00 00:00:00"
753,"H","MD Helicopters","Explorer","EXPL",NULL,NULL,NULL,NULL,NULL,NULL,"0000-00-00 00:00:00","0000-00-00 00:00:00"
754,"F","Tecnam","P2002 Sierra","SIRA",NULL,NULL,NULL,NULL,NULL,NULL,"0000-00-00 00:00:00","0000-00-00 00:00:00"
755,"F","LANCAIR","4","LNC4",NULL,NULL,NULL,NULL,NULL,NULL,"0000-00-00 00:00:00","0000-00-00 00:00:00"
756,"F","LANCAIR","Legacy 2000","LEG2",NULL,NULL,NULL,NULL,NULL,NULL,"0000-00-00 00:00:00","0000-00-00 00:00:00"
757,"F","LANCAIR","200/235/320/360","LNC2",NULL,NULL,NULL,NULL,NULL,NULL,"0000-00-00 00:00:00","0000-00-00 00:00:00"
758,"F","LANCAIR","ES","LNCE",NULL,NULL,NULL,NULL,NULL,NULL,"0000-00-00 00:00:00","0000-00-00 00:00:00"
759,"F","LANCAIR","Tigress","TGRS",NULL,NULL,NULL,NULL,NULL,NULL,"0000-00-00 00:00:00","0000-00-00 00:00:00"
760,"F","BOEING","377 STRATOCRUISER","B377",NULL,NULL,NULL,NULL,NULL,NULL,"0000-00-00 00:00:00","0000-00-00 00:00:00"
761,"F","BOEING","747-8","B748",4,"J","H","3000","3000","","0000-00-00 00:00:00","0000-00-00 00:00:00"
762,"F","CESSNA","162 Skycatcher","C162",1,"P","S","","","","0000-00-00 00:00:00","0000-00-00 00:00:00"
763,"F","CSA","SportCruiser","CRUZ",1,NULL,NULL,NULL,NULL,NULL,"0000-00-00 00:00:00","0000-00-00 00:00:00"
764,"F","BOEING","777F","B77L",2,"J","H","2500",NULL,NULL,"0000-00-00 00:00:00","0000-00-00 00:00:00"
